"algorithm","filename","Input.SNR","utterances","pesq","pesqImp","segSNR","segSNRImp","testNo","testName","phonemes"
"mohammadiaOnline","mohammadiaOnline_001ut-3dB.wav",-3,1,1.355999,-0.203951,4.331477,2.401586,1,"SoI = c3c(f)
Noise = c3f(m)",NA
"mohammadiaOnline","mohammadiaOnline_001ut-6dB.wav",-6,1,1.199821,-0.166134,4.671353,1.175739,1,"SoI = c3c(f)
Noise = c3f(m)",NA
"mohammadiaOnline","mohammadiaOnline_001ut00dB.wav",0,1,1.556766,-0.176743,1.6383,-0.016978,1,"SoI = c3c(f)
Noise = c3f(m)",NA
"mohammadiaOnline","mohammadiaOnline_001ut03dB.wav",3,1,1.772065,-0.123659,8.242168,-5.247053,1,"SoI = c3c(f)
Noise = c3f(m)",NA
"mohammadiaOnline","mohammadiaOnline_001ut06dB.wav",6,1,2.015431,-0.050567,10.086138,-6.372494,1,"SoI = c3c(f)
Noise = c3f(m)",NA
"mohammadiaOnline","mohammadiaOnline_005ut-3dB.wav",-3,5,1.376167,-0.183782,4.931112,3.001221,1,"SoI = c3c(f)
Noise = c3f(m)",NA
"mohammadiaOnline","mohammadiaOnline_005ut-6dB.wav",-6,5,1.210069,-0.155885,5.522828,2.027214,1,"SoI = c3c(f)
Noise = c3f(m)",NA
"mohammadiaOnline","mohammadiaOnline_005ut00dB.wav",0,5,1.553003,-0.180506,3.671851,2.016574,1,"SoI = c3c(f)
Noise = c3f(m)",NA
"mohammadiaOnline","mohammadiaOnline_005ut03dB.wav",3,5,1.79943,-0.096295,8.312319,-5.176902,1,"SoI = c3c(f)
Noise = c3f(m)",NA
"mohammadiaOnline","mohammadiaOnline_005ut06dB.wav",6,5,2.001484,-0.064514,9.843576,-6.615056,1,"SoI = c3c(f)
Noise = c3f(m)",NA
"mohammadiaOnline","mohammadiaOnline_010ut-3dB.wav",-3,10,1.355818,-0.204131,5.311678,3.381787,1,"SoI = c3c(f)
Noise = c3f(m)",NA
"mohammadiaOnline","mohammadiaOnline_010ut-6dB.wav",-6,10,1.197224,-0.16873,5.514441,2.018826,1,"SoI = c3c(f)
Noise = c3f(m)",NA
"mohammadiaOnline","mohammadiaOnline_010ut00dB.wav",0,10,1.550309,-0.1832,3.953371,2.298094,1,"SoI = c3c(f)
Noise = c3f(m)",NA
"mohammadiaOnline","mohammadiaOnline_010ut03dB.wav",3,10,1.787053,-0.108672,10.787937,-2.701284,1,"SoI = c3c(f)
Noise = c3f(m)",NA
"mohammadiaOnline","mohammadiaOnline_010ut06dB.wav",6,10,1.986055,-0.079942,10.764205,-5.694426,1,"SoI = c3c(f)
Noise = c3f(m)",NA
"mohammadiaOnline","mohammadiaOnline_050ut-3dB.wav",-3,50,1.374433,-0.185517,5.651848,3.721957,1,"SoI = c3c(f)
Noise = c3f(m)",NA
"mohammadiaOnline","mohammadiaOnline_050ut-6dB.wav",-6,50,1.199461,-0.166494,5.36421,1.868595,1,"SoI = c3c(f)
Noise = c3f(m)",NA
"mohammadiaOnline","mohammadiaOnline_050ut00dB.wav",0,50,1.566588,-0.166921,2.66695,1.011672,1,"SoI = c3c(f)
Noise = c3f(m)",NA
"mohammadiaOnline","mohammadiaOnline_050ut03dB.wav",3,50,1.777482,-0.118243,10.131312,-3.357909,1,"SoI = c3c(f)
Noise = c3f(m)",NA
"mohammadiaOnline","mohammadiaOnline_050ut06dB.wav",6,50,1.979499,-0.086499,12.058863,-4.399769,1,"SoI = c3c(f)
Noise = c3f(m)",NA
"mohammadiaOnline","mohammadiaOnline_080ut-3dB.wav",-3,80,1.378802,-0.181147,4.48318,2.553289,1,"SoI = c3c(f)
Noise = c3f(m)",NA
"mohammadiaOnline","mohammadiaOnline_080ut-6dB.wav",-6,80,1.207425,-0.158529,6.984969,3.489354,1,"SoI = c3c(f)
Noise = c3f(m)",NA
"mohammadiaOnline","mohammadiaOnline_080ut00dB.wav",0,80,1.560325,-0.173183,2.276961,0.621684,1,"SoI = c3c(f)
Noise = c3f(m)",NA
"mohammadiaOnline","mohammadiaOnline_080ut03dB.wav",3,80,1.769969,-0.125756,6.494848,-6.994373,1,"SoI = c3c(f)
Noise = c3f(m)",NA
"mohammadiaOnline","mohammadiaOnline_080ut06dB.wav",6,80,1.976078,-0.089919,8.66042,-7.798212,1,"SoI = c3c(f)
Noise = c3f(m)",NA
"mohammadiaSupervised","mohammadiaSupervised_001ut-3dB.wav",-3,1,1.394851,-0.165099,2.951,1.021109,1,"SoI = c3c(f)
Noise = c3f(m)",NA
"mohammadiaSupervised","mohammadiaSupervised_001ut00dB.wav",0,1,1.581696,-0.151812,3.578472,1.923194,1,"SoI = c3c(f)
Noise = c3f(m)",NA
"mohammadiaSupervised","mohammadiaSupervised_001ut03dB.wav",3,1,2.056244,0.16052,13.092717,-0.396504,1,"SoI = c3c(f)
Noise = c3f(m)",NA
"mohammadiaSupervised","mohammadiaSupervised_003ut-3dB.wav",-3,3,1.425384,-0.134565,7.048204,5.118313,1,"SoI = c3c(f)
Noise = c3f(m)",NA
"mohammadiaSupervised","mohammadiaSupervised_003ut00dB.wav",0,3,1.563591,-0.169917,5.995302,4.340025,1,"SoI = c3c(f)
Noise = c3f(m)",NA
"mohammadiaSupervised","mohammadiaSupervised_003ut03dB.wav",3,3,2.10206,0.206336,10.559322,-2.929899,1,"SoI = c3c(f)
Noise = c3f(m)",NA
"mohammadiaSupervised","mohammadiaSupervised_005ut-3dB.wav",-3,5,1.40649,-0.15346,3.122661,1.19277,1,"SoI = c3c(f)
Noise = c3f(m)",NA
"mohammadiaSupervised","mohammadiaSupervised_005ut00dB.wav",0,5,1.561135,-0.172374,4.59084,2.935562,1,"SoI = c3c(f)
Noise = c3f(m)",NA
"mohammadiaSupervised","mohammadiaSupervised_005ut03dB.wav",3,5,2.064957,0.169232,12.119057,-1.370164,1,"SoI = c3c(f)
Noise = c3f(m)",NA
"mohammadiaSupervised","mohammadiaSupervised_010ut-3dB.wav",-3,10,1.395273,-0.164676,2.291267,0.361376,1,"SoI = c3c(f)
Noise = c3f(m)",NA
"mohammadiaSupervised","mohammadiaSupervised_010ut00dB.wav",0,10,1.56708,-0.166429,3.892764,2.237486,1,"SoI = c3c(f)
Noise = c3f(m)",NA
"mohammadiaSupervised","mohammadiaSupervised_010ut03dB.wav",3,10,2.047206,0.151481,10.714461,-2.77476,1,"SoI = c3c(f)
Noise = c3f(m)",NA
"mohammadiaSupervised","mohammadiaSupervised_015ut-3dB.wav",-3,15,1.411803,-0.148147,0.412253,-1.517638,1,"SoI = c3c(f)
Noise = c3f(m)",NA
"mohammadiaSupervised","mohammadiaSupervised_015ut00dB.wav",0,15,1.570988,-0.162521,5.184972,3.529694,1,"SoI = c3c(f)
Noise = c3f(m)",NA
"mohammadiaSupervised","mohammadiaSupervised_015ut03dB.wav",3,15,2.034169,0.138444,8.560948,-4.928273,1,"SoI = c3c(f)
Noise = c3f(m)",NA
"mohammadiaSupervised","mohammadiaSupervised_020ut-3dB.wav",-3,20,1.405608,-0.154342,0.756036,-1.173855,1,"SoI = c3c(f)
Noise = c3f(m)",NA
"mohammadiaSupervised","mohammadiaSupervised_020ut00dB.wav",0,20,1.580766,-0.152743,5.788315,4.133038,1,"SoI = c3c(f)
Noise = c3f(m)",NA
"mohammadiaSupervised","mohammadiaSupervised_020ut03dB.wav",3,20,2.021643,0.125918,7.855792,-5.633429,1,"SoI = c3c(f)
Noise = c3f(m)",NA
"mohammadiaSupervised","mohammadiaSupervised_030ut-3dB.wav",-3,30,1.395593,-0.164356,3.214526,1.284635,1,"SoI = c3c(f)
Noise = c3f(m)",NA
"mohammadiaSupervised","mohammadiaSupervised_030ut00dB.wav",0,30,1.573963,-0.159546,3.988365,2.333087,1,"SoI = c3c(f)
Noise = c3f(m)",NA
"mohammadiaSupervised","mohammadiaSupervised_030ut03dB.wav",3,30,1.969564,0.073839,12.948098,-0.541123,1,"SoI = c3c(f)
Noise = c3f(m)",NA
"mohammadiaSupervised","mohammadiaSupervised_040ut-3dB.wav",-3,40,1.36805,-0.191899,6.506893,4.577002,1,"SoI = c3c(f)
Noise = c3f(m)",NA
"mohammadiaSupervised","mohammadiaSupervised_040ut00dB.wav",0,40,1.628541,-0.104968,3.677632,2.022354,1,"SoI = c3c(f)
Noise = c3f(m)",NA
"mohammadiaSupervised","mohammadiaSupervised_040ut03dB.wav",3,40,1.997285,0.10156,13.779119,0.289898,1,"SoI = c3c(f)
Noise = c3f(m)",NA
"mohammadiaSupervised","mohammadiaSupervised_050ut-3dB.wav",-3,50,1.361125,-0.198825,3.752397,1.822506,1,"SoI = c3c(f)
Noise = c3f(m)",NA
"mohammadiaSupervised","mohammadiaSupervised_050ut00dB.wav",0,50,1.584875,-0.148633,2.195657,0.54038,1,"SoI = c3c(f)
Noise = c3f(m)",NA
"mohammadiaSupervised","mohammadiaSupervised_050ut03dB.wav",3,50,1.98124,0.085515,13.682776,0.193555,1,"SoI = c3c(f)
Noise = c3f(m)",NA
"mohammadiaSupervised","mohammadiaSupervised_060ut-3dB.wav",-3,60,1.336295,-0.223654,5.772428,3.842537,1,"SoI = c3c(f)
Noise = c3f(m)",NA
"mohammadiaSupervised","mohammadiaSupervised_060ut00dB.wav",0,60,1.582043,-0.151466,3.34947,1.694192,1,"SoI = c3c(f)
Noise = c3f(m)",NA
"mohammadiaSupervised","mohammadiaSupervised_060ut03dB.wav",3,60,2.003901,0.108177,12.698378,-0.790843,1,"SoI = c3c(f)
Noise = c3f(m)",NA
"mohammadiaSupervised","mohammadiaSupervised_070ut-3dB.wav",-3,70,1.374052,-0.185898,5.141484,3.211593,1,"SoI = c3c(f)
Noise = c3f(m)",NA
"mohammadiaSupervised","mohammadiaSupervised_070ut00dB.wav",0,70,1.574279,-0.15923,3.442923,1.787645,1,"SoI = c3c(f)
Noise = c3f(m)",NA
"mohammadiaSupervised","mohammadiaSupervised_070ut03dB.wav",3,70,1.976916,0.081191,11.985469,-1.503752,1,"SoI = c3c(f)
Noise = c3f(m)",NA
"mohammadiaSupervised","mohammadiaSupervised_080ut-3dB.wav",-3,80,1.36402,-0.195929,6.534912,4.605021,1,"SoI = c3c(f)
Noise = c3f(m)",NA
"mohammadiaSupervised","mohammadiaSupervised_080ut00dB.wav",0,80,1.597764,-0.135745,4.89162,3.236342,1,"SoI = c3c(f)
Noise = c3f(m)",NA
"mohammadiaSupervised","mohammadiaSupervised_080ut03dB.wav",3,80,1.974295,0.07857,13.731563,0.242342,1,"SoI = c3c(f)
Noise = c3f(m)",NA
"mohammadiaOnline","mohammadiaOnline_001ut-3dB.wav",-3,1,1.935719,-0.136733,-7.374715,0.519643,2,"SoI = c3l(f)
Noise = c31(m)",NA
"mohammadiaOnline","mohammadiaOnline_001ut-6dB.wav",-6,1,1.771044,-0.110419,-7.209228,0.786974,2,"SoI = c3l(f)
Noise = c31(m)",NA
"mohammadiaOnline","mohammadiaOnline_001ut00dB.wav",0,1,2.000724,-0.263789,-2.37644,-0.77489,2,"SoI = c3l(f)
Noise = c31(m)",NA
"mohammadiaOnline","mohammadiaOnline_001ut03dB.wav",3,1,2.250941,-0.206202,6.569842,-6.694897,2,"SoI = c3l(f)
Noise = c31(m)",NA
"mohammadiaOnline","mohammadiaOnline_001ut06dB.wav",6,1,2.440568,-0.206941,10.183549,-3.341231,2,"SoI = c3l(f)
Noise = c31(m)",NA
"mohammadiaOnline","mohammadiaOnline_005ut-3dB.wav",-3,5,1.928744,-0.143708,-7.015632,0.878727,2,"SoI = c3l(f)
Noise = c31(m)",NA
"mohammadiaOnline","mohammadiaOnline_005ut-6dB.wav",-6,5,1.750583,-0.13088,-7.220302,0.7759,2,"SoI = c3l(f)
Noise = c31(m)",NA
"mohammadiaOnline","mohammadiaOnline_005ut00dB.wav",0,5,1.987673,-0.27684,-4.015206,-2.413657,2,"SoI = c3l(f)
Noise = c31(m)",NA
"mohammadiaOnline","mohammadiaOnline_005ut03dB.wav",3,5,2.212041,-0.245102,8.289196,-4.975542,2,"SoI = c3l(f)
Noise = c31(m)",NA
"mohammadiaOnline","mohammadiaOnline_005ut06dB.wav",6,5,2.476952,-0.170557,7.04609,-6.47869,2,"SoI = c3l(f)
Noise = c31(m)",NA
"mohammadiaOnline","mohammadiaOnline_010ut-3dB.wav",-3,10,1.946911,-0.125541,-7.668365,0.225993,2,"SoI = c3l(f)
Noise = c31(m)",NA
"mohammadiaOnline","mohammadiaOnline_010ut-6dB.wav",-6,10,1.772986,-0.108477,-7.764641,0.231561,2,"SoI = c3l(f)
Noise = c31(m)",NA
"mohammadiaOnline","mohammadiaOnline_010ut00dB.wav",0,10,2.002243,-0.26227,-2.616508,-1.014959,2,"SoI = c3l(f)
Noise = c31(m)",NA
"mohammadiaOnline","mohammadiaOnline_010ut03dB.wav",3,10,2.254076,-0.203066,11.611417,-1.653321,2,"SoI = c3l(f)
Noise = c31(m)",NA
"mohammadiaOnline","mohammadiaOnline_010ut06dB.wav",6,10,2.469267,-0.178242,13.4563,-0.068479,2,"SoI = c3l(f)
Noise = c31(m)",NA
"mohammadiaOnline","mohammadiaOnline_050ut-3dB.wav",-3,50,1.943082,-0.12937,-7.630524,0.263835,2,"SoI = c3l(f)
Noise = c31(m)",NA
"mohammadiaOnline","mohammadiaOnline_050ut-6dB.wav",-6,50,1.761499,-0.119964,-7.825926,0.170275,2,"SoI = c3l(f)
Noise = c31(m)",NA
"mohammadiaOnline","mohammadiaOnline_050ut00dB.wav",0,50,2.001661,-0.262852,-2.748265,-1.146716,2,"SoI = c3l(f)
Noise = c31(m)",NA
"mohammadiaOnline","mohammadiaOnline_050ut03dB.wav",3,50,2.227459,-0.229683,12.379646,-0.885092,2,"SoI = c3l(f)
Noise = c31(m)",NA
"mohammadiaOnline","mohammadiaOnline_050ut06dB.wav",6,50,2.475874,-0.171635,11.845476,-1.679304,2,"SoI = c3l(f)
Noise = c31(m)",NA
"mohammadiaOnline","mohammadiaOnline_080ut-3dB.wav",-3,80,1.956879,-0.115573,-7.573099,0.32126,2,"SoI = c3l(f)
Noise = c31(m)",NA
"mohammadiaOnline","mohammadiaOnline_080ut-6dB.wav",-6,80,1.774585,-0.106878,-7.829923,0.166279,2,"SoI = c3l(f)
Noise = c31(m)",NA
"mohammadiaOnline","mohammadiaOnline_080ut00dB.wav",0,80,2.011031,-0.253482,-1.955815,-0.354266,2,"SoI = c3l(f)
Noise = c31(m)",NA
"mohammadiaOnline","mohammadiaOnline_080ut03dB.wav",3,80,2.256506,-0.200637,10.558652,-2.706086,2,"SoI = c3l(f)
Noise = c31(m)",NA
"mohammadiaOnline","mohammadiaOnline_080ut06dB.wav",6,80,2.489641,-0.157868,11.384992,-2.139788,2,"SoI = c3l(f)
Noise = c31(m)",NA
"mohammadiaSupervised","mohammadiaSupervised_001ut-3dB.wav",-3,1,1.918556,-0.153896,-3.189663,4.704696,2,"SoI = c3l(f)
Noise = c31(m)",NA
"mohammadiaSupervised","mohammadiaSupervised_001ut-6dB.wav",-6,1,1.729683,-0.15178,-7.57674,0.419462,2,"SoI = c3l(f)
Noise = c31(m)",NA
"mohammadiaSupervised","mohammadiaSupervised_001ut00dB.wav",0,1,2.004783,-0.259731,-3.553388,-1.951838,2,"SoI = c3l(f)
Noise = c31(m)",NA
"mohammadiaSupervised","mohammadiaSupervised_001ut03dB.wav",3,1,2.396725,-0.060417,5.25148,-8.013259,2,"SoI = c3l(f)
Noise = c31(m)",NA
"mohammadiaSupervised","mohammadiaSupervised_001ut06dB.wav",6,1,2.534197,-0.113312,4.733666,-8.791113,2,"SoI = c3l(f)
Noise = c31(m)",NA
"mohammadiaSupervised","mohammadiaSupervised_003ut-3dB.wav",-3,3,1.99622,-0.076232,3.784527,11.678885,2,"SoI = c3l(f)
Noise = c31(m)",NA
"mohammadiaSupervised","mohammadiaSupervised_003ut-6dB.wav",-6,3,1.777351,-0.104112,-0.186456,7.809746,2,"SoI = c3l(f)
Noise = c31(m)",NA
"mohammadiaSupervised","mohammadiaSupervised_003ut00dB.wav",0,3,2.033615,-0.230898,-3.495699,-1.894149,2,"SoI = c3l(f)
Noise = c31(m)",NA
"mohammadiaSupervised","mohammadiaSupervised_003ut03dB.wav",3,3,2.425175,-0.031968,10.61278,-2.651958,2,"SoI = c3l(f)
Noise = c31(m)",NA
"mohammadiaSupervised","mohammadiaSupervised_003ut06dB.wav",6,3,2.590282,-0.057228,-1.871398,-15.396177,2,"SoI = c3l(f)
Noise = c31(m)",NA
"mohammadiaSupervised","mohammadiaSupervised_005ut-3dB.wav",-3,5,1.985693,-0.086759,-3.552527,4.341832,2,"SoI = c3l(f)
Noise = c31(m)",NA
"mohammadiaSupervised","mohammadiaSupervised_005ut-6dB.wav",-6,5,1.768678,-0.112785,-1.073418,6.922783,2,"SoI = c3l(f)
Noise = c31(m)",NA
"mohammadiaSupervised","mohammadiaSupervised_005ut00dB.wav",0,5,2.017521,-0.246992,-3.202253,-1.600703,2,"SoI = c3l(f)
Noise = c31(m)",NA
"mohammadiaSupervised","mohammadiaSupervised_005ut03dB.wav",3,5,2.419698,-0.037444,-4.153436,-17.418174,2,"SoI = c3l(f)
Noise = c31(m)",NA
"mohammadiaSupervised","mohammadiaSupervised_005ut06dB.wav",6,5,2.64617,-0.001339,2.643659,-10.88112,2,"SoI = c3l(f)
Noise = c31(m)",NA
"mohammadiaSupervised","mohammadiaSupervised_010ut-3dB.wav",-3,10,2.000742,-0.07171,-5.957561,1.936797,2,"SoI = c3l(f)
Noise = c31(m)",NA
"mohammadiaSupervised","mohammadiaSupervised_010ut-6dB.wav",-6,10,1.736656,-0.144807,-7.019113,0.977089,2,"SoI = c3l(f)
Noise = c31(m)",NA
"mohammadiaSupervised","mohammadiaSupervised_010ut00dB.wav",0,10,2.003576,-0.260937,-2.608539,-1.00699,2,"SoI = c3l(f)
Noise = c31(m)",NA
"mohammadiaSupervised","mohammadiaSupervised_010ut03dB.wav",3,10,2.406923,-0.05022,4.2842,-8.980538,2,"SoI = c3l(f)
Noise = c31(m)",NA
"mohammadiaSupervised","mohammadiaSupervised_010ut06dB.wav",6,10,2.636674,-0.010835,0.042365,-13.482414,2,"SoI = c3l(f)
Noise = c31(m)",NA
"mohammadiaSupervised","mohammadiaSupervised_015ut-3dB.wav",-3,15,1.965758,-0.106694,-6.744726,1.149633,2,"SoI = c3l(f)
Noise = c31(m)",NA
"mohammadiaSupervised","mohammadiaSupervised_015ut-6dB.wav",-6,15,1.79832,-0.083143,-5.939102,2.0571,2,"SoI = c3l(f)
Noise = c31(m)",NA
"mohammadiaSupervised","mohammadiaSupervised_015ut00dB.wav",0,15,1.991009,-0.273504,-2.116642,-0.515092,2,"SoI = c3l(f)
Noise = c31(m)",NA
"mohammadiaSupervised","mohammadiaSupervised_015ut03dB.wav",3,15,2.378822,-0.078321,3.802478,-9.462261,2,"SoI = c3l(f)
Noise = c31(m)",NA
"mohammadiaSupervised","mohammadiaSupervised_015ut06dB.wav",6,15,2.647041,-0.000468,2.30771,-11.217069,2,"SoI = c3l(f)
Noise = c31(m)",NA
"mohammadiaSupervised","mohammadiaSupervised_020ut-3dB.wav",-3,20,1.995486,-0.076966,-6.551974,1.342385,2,"SoI = c3l(f)
Noise = c31(m)",NA
"mohammadiaSupervised","mohammadiaSupervised_020ut-6dB.wav",-6,20,1.780191,-0.101272,-7.092273,0.903929,2,"SoI = c3l(f)
Noise = c31(m)",NA
"mohammadiaSupervised","mohammadiaSupervised_020ut00dB.wav",0,20,1.990878,-0.273636,-2.008394,-0.406844,2,"SoI = c3l(f)
Noise = c31(m)",NA
"mohammadiaSupervised","mohammadiaSupervised_020ut03dB.wav",3,20,2.427472,-0.029671,2.073299,-11.19144,2,"SoI = c3l(f)
Noise = c31(m)",NA
"mohammadiaSupervised","mohammadiaSupervised_020ut06dB.wav",6,20,2.643304,-0.004205,1.8707,-11.654079,2,"SoI = c3l(f)
Noise = c31(m)",NA
"mohammadiaSupervised","mohammadiaSupervised_030ut-3dB.wav",-3,30,2.043028,-0.029424,-5.586615,2.307743,2,"SoI = c3l(f)
Noise = c31(m)",NA
"mohammadiaSupervised","mohammadiaSupervised_030ut-6dB.wav",-6,30,1.789547,-0.091916,-6.676697,1.319505,2,"SoI = c3l(f)
Noise = c31(m)",NA
"mohammadiaSupervised","mohammadiaSupervised_030ut00dB.wav",0,30,1.992789,-0.271724,-2.371861,-0.770312,2,"SoI = c3l(f)
Noise = c31(m)",NA
"mohammadiaSupervised","mohammadiaSupervised_030ut03dB.wav",3,30,2.390763,-0.06638,4.512158,-8.75258,2,"SoI = c3l(f)
Noise = c31(m)",NA
"mohammadiaSupervised","mohammadiaSupervised_030ut06dB.wav",6,30,2.658992,0.011483,7.731115,-5.793665,2,"SoI = c3l(f)
Noise = c31(m)",NA
"mohammadiaSupervised","mohammadiaSupervised_040ut-3dB.wav",-3,40,2.019882,-0.05257,-6.176931,1.717428,2,"SoI = c3l(f)
Noise = c31(m)",NA
"mohammadiaSupervised","mohammadiaSupervised_040ut-6dB.wav",-6,40,1.782531,-0.098932,-7.163657,0.832545,2,"SoI = c3l(f)
Noise = c31(m)",NA
"mohammadiaSupervised","mohammadiaSupervised_040ut00dB.wav",0,40,2.031628,-0.232885,-3.068177,-1.466628,2,"SoI = c3l(f)
Noise = c31(m)",NA
"mohammadiaSupervised","mohammadiaSupervised_040ut03dB.wav",3,40,2.449929,-0.007214,10.595734,-2.669005,2,"SoI = c3l(f)
Noise = c31(m)",NA
"mohammadiaSupervised","mohammadiaSupervised_040ut06dB.wav",6,40,2.633542,-0.013967,6.256772,-7.268008,2,"SoI = c3l(f)
Noise = c31(m)",NA
"mohammadiaSupervised","mohammadiaSupervised_050ut-3dB.wav",-3,50,2.032565,-0.039888,-5.547122,2.347237,2,"SoI = c3l(f)
Noise = c31(m)",NA
"mohammadiaSupervised","mohammadiaSupervised_050ut-6dB.wav",-6,50,1.80982,-0.071643,-6.656732,1.33947,2,"SoI = c3l(f)
Noise = c31(m)",NA
"mohammadiaSupervised","mohammadiaSupervised_050ut00dB.wav",0,50,2.010209,-0.254304,-3.422068,-1.820518,2,"SoI = c3l(f)
Noise = c31(m)",NA
"mohammadiaSupervised","mohammadiaSupervised_050ut03dB.wav",3,50,2.438342,-0.0188,6.346113,-6.918625,2,"SoI = c3l(f)
Noise = c31(m)",NA
"mohammadiaSupervised","mohammadiaSupervised_050ut06dB.wav",6,50,2.583183,-0.064327,4.359598,-9.165181,2,"SoI = c3l(f)
Noise = c31(m)",NA
"mohammadiaSupervised","mohammadiaSupervised_060ut-3dB.wav",-3,60,2.061036,-0.011416,-6.602617,1.291742,2,"SoI = c3l(f)
Noise = c31(m)",NA
"mohammadiaSupervised","mohammadiaSupervised_060ut-6dB.wav",-6,60,1.791205,-0.090259,-6.074054,1.922148,2,"SoI = c3l(f)
Noise = c31(m)",NA
"mohammadiaSupervised","mohammadiaSupervised_060ut00dB.wav",0,60,2.025377,-0.239136,-2.911218,-1.309668,2,"SoI = c3l(f)
Noise = c31(m)",NA
"mohammadiaSupervised","mohammadiaSupervised_060ut03dB.wav",3,60,2.427143,-0.029999,4.783817,-8.480922,2,"SoI = c3l(f)
Noise = c31(m)",NA
"mohammadiaSupervised","mohammadiaSupervised_060ut06dB.wav",6,60,2.643307,-0.004202,6.431094,-7.093685,2,"SoI = c3l(f)
Noise = c31(m)",NA
"mohammadiaSupervised","mohammadiaSupervised_070ut-3dB.wav",-3,70,2.058162,-0.01429,-5.670701,2.223658,2,"SoI = c3l(f)
Noise = c31(m)",NA
"mohammadiaSupervised","mohammadiaSupervised_070ut-6dB.wav",-6,70,1.814019,-0.067444,-6.780156,1.216046,2,"SoI = c3l(f)
Noise = c31(m)",NA
"mohammadiaSupervised","mohammadiaSupervised_070ut00dB.wav",0,70,2.041139,-0.223374,-3.948956,-2.347406,2,"SoI = c3l(f)
Noise = c31(m)",NA
"mohammadiaSupervised","mohammadiaSupervised_070ut03dB.wav",3,70,2.437422,-0.01972,5.27803,-7.986709,2,"SoI = c3l(f)
Noise = c31(m)",NA
"mohammadiaSupervised","mohammadiaSupervised_070ut06dB.wav",6,70,2.640924,-0.006586,4.18306,-9.341719,2,"SoI = c3l(f)
Noise = c31(m)",NA
"mohammadiaSupervised","mohammadiaSupervised_080ut-3dB.wav",-3,80,2.018057,-0.054395,-5.462548,2.431811,2,"SoI = c3l(f)
Noise = c31(m)",NA
"mohammadiaSupervised","mohammadiaSupervised_080ut-6dB.wav",-6,80,1.814219,-0.067244,-7.558027,0.438175,2,"SoI = c3l(f)
Noise = c31(m)",NA
"mohammadiaSupervised","mohammadiaSupervised_080ut00dB.wav",0,80,2.005454,-0.259059,-3.440417,-1.838868,2,"SoI = c3l(f)
Noise = c31(m)",NA
"mohammadiaSupervised","mohammadiaSupervised_080ut03dB.wav",3,80,2.450548,-0.006594,7.127194,-6.137544,2,"SoI = c3l(f)
Noise = c31(m)",NA
"mohammadiaSupervised","mohammadiaSupervised_080ut06dB.wav",6,80,2.651601,0.004091,5.002723,-8.522056,2,"SoI = c3l(f)
Noise = c31(m)",NA
"mohammadiaOnline","mohammadiaOnline_001ut-3dB.wav",-3,1,1.771271,-0.33704,-2.962529,1.495048,3,"SoI = c3s(m)
Noise = c31(m)",NA
"mohammadiaOnline","mohammadiaOnline_001ut-6dB.wav",-6,1,1.557297,-0.400009,-2.867958,1.468844,3,"SoI = c3s(m)
Noise = c31(m)",NA
"mohammadiaOnline","mohammadiaOnline_001ut00dB.wav",0,1,1.948635,-0.314938,4.795415,-4.12466,3,"SoI = c3s(m)
Noise = c31(m)",NA
"mohammadiaOnline","mohammadiaOnline_001ut03dB.wav",3,1,2.16831,-0.263601,11.667911,5.943214,3,"SoI = c3s(m)
Noise = c31(m)",NA
"mohammadiaOnline","mohammadiaOnline_001ut06dB.wav",6,1,2.361065,-0.257014,9.42487,2.887279,3,"SoI = c3s(m)
Noise = c31(m)",NA
"mohammadiaOnline","mohammadiaOnline_005ut-3dB.wav",-3,5,1.777631,-0.33068,-3.152178,1.305399,3,"SoI = c3s(m)
Noise = c31(m)",NA
"mohammadiaOnline","mohammadiaOnline_005ut-6dB.wav",-6,5,1.567173,-0.390133,-2.948982,1.38782,3,"SoI = c3s(m)
Noise = c31(m)",NA
"mohammadiaOnline","mohammadiaOnline_005ut00dB.wav",0,5,1.95775,-0.305823,4.401184,-4.518891,3,"SoI = c3s(m)
Noise = c31(m)",NA
"mohammadiaOnline","mohammadiaOnline_005ut03dB.wav",3,5,2.149765,-0.282146,11.30088,5.576183,3,"SoI = c3s(m)
Noise = c31(m)",NA
"mohammadiaOnline","mohammadiaOnline_005ut06dB.wav",6,5,2.348501,-0.269578,11.72598,5.188389,3,"SoI = c3s(m)
Noise = c31(m)",NA
"mohammadiaOnline","mohammadiaOnline_010ut-3dB.wav",-3,10,1.763248,-0.345064,-3.116675,1.340902,3,"SoI = c3s(m)
Noise = c31(m)",NA
"mohammadiaOnline","mohammadiaOnline_010ut-6dB.wav",-6,10,1.557183,-0.400123,-3.172396,1.164406,3,"SoI = c3s(m)
Noise = c31(m)",NA
"mohammadiaOnline","mohammadiaOnline_010ut00dB.wav",0,10,1.942993,-0.32058,4.717743,-4.202332,3,"SoI = c3s(m)
Noise = c31(m)",NA
"mohammadiaOnline","mohammadiaOnline_010ut03dB.wav",3,10,2.16978,-0.26213,11.588197,5.8635,3,"SoI = c3s(m)
Noise = c31(m)",NA
"mohammadiaOnline","mohammadiaOnline_010ut06dB.wav",6,10,2.355671,-0.262407,12.327893,5.790302,3,"SoI = c3s(m)
Noise = c31(m)",NA
"mohammadiaOnline","mohammadiaOnline_050ut-3dB.wav",-3,50,1.725751,-0.382561,-2.877197,1.58038,3,"SoI = c3s(m)
Noise = c31(m)",NA
"mohammadiaOnline","mohammadiaOnline_050ut-6dB.wav",-6,50,1.505702,-0.451604,-2.792401,1.544401,3,"SoI = c3s(m)
Noise = c31(m)",NA
"mohammadiaOnline","mohammadiaOnline_050ut00dB.wav",0,50,1.913436,-0.350138,3.116391,-5.803685,3,"SoI = c3s(m)
Noise = c31(m)",NA
"mohammadiaOnline","mohammadiaOnline_050ut03dB.wav",3,50,2.114055,-0.317856,7.055136,1.330439,3,"SoI = c3s(m)
Noise = c31(m)",NA
"mohammadiaOnline","mohammadiaOnline_050ut06dB.wav",6,50,2.326291,-0.291788,8.006774,1.469183,3,"SoI = c3s(m)
Noise = c31(m)",NA
"mohammadiaOnline","mohammadiaOnline_080ut-3dB.wav",-3,80,1.784845,-0.323467,-4.035857,0.421721,3,"SoI = c3s(m)
Noise = c31(m)",NA
"mohammadiaOnline","mohammadiaOnline_080ut-6dB.wav",-6,80,1.59288,-0.364426,-3.773919,0.562883,3,"SoI = c3s(m)
Noise = c31(m)",NA
"mohammadiaOnline","mohammadiaOnline_080ut00dB.wav",0,80,1.955998,-0.307575,8.266891,-0.653184,3,"SoI = c3s(m)
Noise = c31(m)",NA
"mohammadiaOnline","mohammadiaOnline_080ut03dB.wav",3,80,2.155215,-0.276696,8.228602,2.503905,3,"SoI = c3s(m)
Noise = c31(m)",NA
"mohammadiaOnline","mohammadiaOnline_080ut06dB.wav",6,80,2.359482,-0.258597,7.988531,1.45094,3,"SoI = c3s(m)
Noise = c31(m)",NA
"mohammadiaSupervised","mohammadiaSupervised_001ut-3dB.wav",-3,1,1.671261,-0.437051,-4.654981,-0.197404,3,"SoI = c3s(m)
Noise = c31(m)",NA
"mohammadiaSupervised","mohammadiaSupervised_001ut00dB.wav",0,1,2.006779,-0.256794,2.61274,-6.307336,3,"SoI = c3s(m)
Noise = c31(m)",NA
"mohammadiaSupervised","mohammadiaSupervised_001ut03dB.wav",3,1,2.208782,-0.223128,4.589558,-1.135139,3,"SoI = c3s(m)
Noise = c31(m)",NA
"mohammadiaSupervised","mohammadiaSupervised_003ut-3dB.wav",-3,3,1.786905,-0.321407,-6.244506,-1.786928,3,"SoI = c3s(m)
Noise = c31(m)",NA
"mohammadiaSupervised","mohammadiaSupervised_003ut00dB.wav",0,3,1.9514,-0.312173,5.670888,-3.249187,3,"SoI = c3s(m)
Noise = c31(m)",NA
"mohammadiaSupervised","mohammadiaSupervised_003ut03dB.wav",3,3,2.26156,-0.17035,2.737862,-2.986835,3,"SoI = c3s(m)
Noise = c31(m)",NA
"mohammadiaSupervised","mohammadiaSupervised_005ut-3dB.wav",-3,5,1.721277,-0.387035,-6.253522,-1.795944,3,"SoI = c3s(m)
Noise = c31(m)",NA
"mohammadiaSupervised","mohammadiaSupervised_005ut00dB.wav",0,5,1.941252,-0.322321,2.370283,-6.549793,3,"SoI = c3s(m)
Noise = c31(m)",NA
"mohammadiaSupervised","mohammadiaSupervised_005ut03dB.wav",3,5,2.216753,-0.215158,8.59116,2.866463,3,"SoI = c3s(m)
Noise = c31(m)",NA
"mohammadiaSupervised","mohammadiaSupervised_010ut-3dB.wav",-3,10,1.736104,-0.372207,-6.572512,-2.114934,3,"SoI = c3s(m)
Noise = c31(m)",NA
"mohammadiaSupervised","mohammadiaSupervised_010ut00dB.wav",0,10,2.007639,-0.255934,7.564892,-1.355183,3,"SoI = c3s(m)
Noise = c31(m)",NA
"mohammadiaSupervised","mohammadiaSupervised_010ut03dB.wav",3,10,2.217174,-0.214737,0.987844,-4.736853,3,"SoI = c3s(m)
Noise = c31(m)",NA
"mohammadiaSupervised","mohammadiaSupervised_015ut-3dB.wav",-3,15,1.838461,-0.269851,5.238505,9.696083,3,"SoI = c3s(m)
Noise = c31(m)",NA
"mohammadiaSupervised","mohammadiaSupervised_015ut00dB.wav",0,15,2.002191,-0.261383,1.144839,-7.775236,3,"SoI = c3s(m)
Noise = c31(m)",NA
"mohammadiaSupervised","mohammadiaSupervised_015ut03dB.wav",3,15,2.241279,-0.190631,-2.09119,-7.815887,3,"SoI = c3s(m)
Noise = c31(m)",NA
"mohammadiaSupervised","mohammadiaSupervised_020ut-3dB.wav",-3,20,1.718559,-0.389752,6.672951,11.130529,3,"SoI = c3s(m)
Noise = c31(m)",NA
"mohammadiaSupervised","mohammadiaSupervised_020ut00dB.wav",0,20,2.032886,-0.230688,4.730489,-4.189587,3,"SoI = c3s(m)
Noise = c31(m)",NA
"mohammadiaSupervised","mohammadiaSupervised_020ut03dB.wav",3,20,2.24322,-0.188691,-2.403853,-8.12855,3,"SoI = c3s(m)
Noise = c31(m)",NA
"mohammadiaSupervised","mohammadiaSupervised_030ut-3dB.wav",-3,30,1.820419,-0.287893,3.348079,7.805657,3,"SoI = c3s(m)
Noise = c31(m)",NA
"mohammadiaSupervised","mohammadiaSupervised_030ut00dB.wav",0,30,1.917969,-0.345604,2.306312,-6.613763,3,"SoI = c3s(m)
Noise = c31(m)",NA
"mohammadiaSupervised","mohammadiaSupervised_030ut03dB.wav",3,30,2.26919,-0.162721,2.404205,-3.320492,3,"SoI = c3s(m)
Noise = c31(m)",NA
"mohammadiaSupervised","mohammadiaSupervised_040ut-3dB.wav",-3,40,1.674178,-0.434133,-5.063541,-0.605963,3,"SoI = c3s(m)
Noise = c31(m)",NA
"mohammadiaSupervised","mohammadiaSupervised_040ut00dB.wav",0,40,2.002769,-0.260804,8.505313,-0.414763,3,"SoI = c3s(m)
Noise = c31(m)",NA
"mohammadiaSupervised","mohammadiaSupervised_040ut03dB.wav",3,40,2.274651,-0.15726,9.377153,3.652456,3,"SoI = c3s(m)
Noise = c31(m)",NA
"mohammadiaSupervised","mohammadiaSupervised_050ut-3dB.wav",-3,50,1.772787,-0.335524,-1.813706,2.643872,3,"SoI = c3s(m)
Noise = c31(m)",NA
"mohammadiaSupervised","mohammadiaSupervised_050ut00dB.wav",0,50,1.975931,-0.287643,3.409623,-5.510452,3,"SoI = c3s(m)
Noise = c31(m)",NA
"mohammadiaSupervised","mohammadiaSupervised_050ut03dB.wav",3,50,2.286755,-0.145156,7.95302,2.228323,3,"SoI = c3s(m)
Noise = c31(m)",NA
"mohammadiaSupervised","mohammadiaSupervised_060ut-3dB.wav",-3,60,1.701321,-0.40699,-6.608744,-2.151166,3,"SoI = c3s(m)
Noise = c31(m)",NA
"mohammadiaSupervised","mohammadiaSupervised_060ut00dB.wav",0,60,2.066782,-0.196791,5.251087,-3.668989,3,"SoI = c3s(m)
Noise = c31(m)",NA
"mohammadiaSupervised","mohammadiaSupervised_060ut03dB.wav",3,60,2.301941,-0.12997,8.263862,2.539165,3,"SoI = c3s(m)
Noise = c31(m)",NA
"mohammadiaSupervised","mohammadiaSupervised_070ut-3dB.wav",-3,70,1.732968,-0.375344,-5.064785,-0.607207,3,"SoI = c3s(m)
Noise = c31(m)",NA
"mohammadiaSupervised","mohammadiaSupervised_070ut00dB.wav",0,70,1.951319,-0.312255,7.972079,-0.947997,3,"SoI = c3s(m)
Noise = c31(m)",NA
"mohammadiaSupervised","mohammadiaSupervised_070ut03dB.wav",3,70,2.24747,-0.18444,6.30901,0.584313,3,"SoI = c3s(m)
Noise = c31(m)",NA
"mohammadiaSupervised","mohammadiaSupervised_080ut-3dB.wav",-3,80,1.619524,-0.488787,-6.577671,-2.120093,3,"SoI = c3s(m)
Noise = c31(m)",NA
"mohammadiaSupervised","mohammadiaSupervised_080ut00dB.wav",0,80,1.993113,-0.27046,7.341823,-1.578252,3,"SoI = c3s(m)
Noise = c31(m)",NA
"mohammadiaSupervised","mohammadiaSupervised_080ut03dB.wav",3,80,2.277721,-0.154189,6.7138,0.989103,3,"SoI = c3s(m)
Noise = c31(m)",NA
"mohammadiaOnline","mohammadiaOnline_001ut-3dB.wav",-3,1,1.823998,-0.211148,13.645227,5.628312,4,"SoI = c3s(m)
Noise = c31(m)+c34(m)+c35(m)",NA
"mohammadiaOnline","mohammadiaOnline_001ut-6dB.wav",-6,1,1.755631,-0.11593,9.043338,3.85523,4,"SoI = c3s(m)
Noise = c31(m)+c34(m)+c35(m)",NA
"mohammadiaOnline","mohammadiaOnline_001ut00dB.wav",0,1,2.07101,-0.137968,15.523581,4.594324,4,"SoI = c3s(m)
Noise = c31(m)+c34(m)+c35(m)",NA
"mohammadiaOnline","mohammadiaOnline_001ut03dB.wav",3,1,2.291529,-0.096375,12.017318,-1.862502,4,"SoI = c3s(m)
Noise = c31(m)+c34(m)+c35(m)",NA
"mohammadiaOnline","mohammadiaOnline_001ut06dB.wav",6,1,2.473482,-0.078211,18.85475,2.001591,4,"SoI = c3s(m)
Noise = c31(m)+c34(m)+c35(m)",NA
"mohammadiaOnline","mohammadiaOnline_010ut-3dB.wav",-3,10,1.797321,-0.237825,13.140668,5.123753,4,"SoI = c3s(m)
Noise = c31(m)+c34(m)+c35(m)",NA
"mohammadiaOnline","mohammadiaOnline_010ut-6dB.wav",-6,10,1.583492,-0.288069,10.641088,5.45298,4,"SoI = c3s(m)
Noise = c31(m)+c34(m)+c35(m)",NA
"mohammadiaOnline","mohammadiaOnline_010ut00dB.wav",0,10,2.033725,-0.175253,13.100278,2.171021,4,"SoI = c3s(m)
Noise = c31(m)+c34(m)+c35(m)",NA
"mohammadiaOnline","mohammadiaOnline_010ut03dB.wav",3,10,2.252869,-0.135035,14.351863,0.472043,4,"SoI = c3s(m)
Noise = c31(m)+c34(m)+c35(m)",NA
"mohammadiaOnline","mohammadiaOnline_010ut06dB.wav",6,10,2.445391,-0.106301,15.146329,-1.70683,4,"SoI = c3s(m)
Noise = c31(m)+c34(m)+c35(m)",NA
"mohammadiaOnline","mohammadiaOnline_050ut-3dB.wav",-3,50,1.7782,-0.256946,11.327544,3.310629,4,"SoI = c3s(m)
Noise = c31(m)+c34(m)+c35(m)",NA
"mohammadiaOnline","mohammadiaOnline_050ut-6dB.wav",-6,50,1.574489,-0.297072,8.544779,3.356671,4,"SoI = c3s(m)
Noise = c31(m)+c34(m)+c35(m)",NA
"mohammadiaOnline","mohammadiaOnline_050ut00dB.wav",0,50,2.043358,-0.16562,14.695277,3.76602,4,"SoI = c3s(m)
Noise = c31(m)+c34(m)+c35(m)",NA
"mohammadiaOnline","mohammadiaOnline_050ut03dB.wav",3,50,2.240735,-0.147169,16.883613,3.003794,4,"SoI = c3s(m)
Noise = c31(m)+c34(m)+c35(m)",NA
"mohammadiaOnline","mohammadiaOnline_050ut06dB.wav",6,50,2.444721,-0.106972,16.808553,-0.044606,4,"SoI = c3s(m)
Noise = c31(m)+c34(m)+c35(m)",NA
"mohammadiaOnline","mohammadiaOnline_080ut-3dB.wav",-3,80,1.808735,-0.226411,11.463861,3.446946,4,"SoI = c3s(m)
Noise = c31(m)+c34(m)+c35(m)",NA
"mohammadiaOnline","mohammadiaOnline_080ut-6dB.wav",-6,80,1.63729,-0.23427,8.958586,3.770478,4,"SoI = c3s(m)
Noise = c31(m)+c34(m)+c35(m)",NA
"mohammadiaOnline","mohammadiaOnline_080ut00dB.wav",0,80,2.025651,-0.183326,11.989612,1.060355,4,"SoI = c3s(m)
Noise = c31(m)+c34(m)+c35(m)",NA
"mohammadiaOnline","mohammadiaOnline_080ut03dB.wav",3,80,2.244715,-0.143189,13.78378,-0.09604,4,"SoI = c3s(m)
Noise = c31(m)+c34(m)+c35(m)",NA
"mohammadiaOnline","mohammadiaOnline_080ut06dB.wav",6,80,2.443342,-0.10835,12.983505,-3.869654,4,"SoI = c3s(m)
Noise = c31(m)+c34(m)+c35(m)",NA
"mohammadiaSupervised","mohammadiaSupervised_001ut-3dB.wav",-3,1,1.896335,-0.138811,-2.738203,-10.755118,4,"SoI = c3s(m)
Noise = c31(m)+c34(m)+c35(m)",NA
"mohammadiaSupervised","mohammadiaSupervised_001ut-6dB.wav",-6,1,1.778526,-0.093034,0.624423,-4.563685,4,"SoI = c3s(m)
Noise = c31(m)+c34(m)+c35(m)",NA
"mohammadiaSupervised","mohammadiaSupervised_001ut00dB.wav",0,1,2.063239,-0.145739,-1.95211,-12.881367,4,"SoI = c3s(m)
Noise = c31(m)+c34(m)+c35(m)",NA
"mohammadiaSupervised","mohammadiaSupervised_001ut03dB.wav",3,1,2.194725,-0.193179,-3.09829,-16.978109,4,"SoI = c3s(m)
Noise = c31(m)+c34(m)+c35(m)",NA
"mohammadiaSupervised","mohammadiaSupervised_001ut06dB.wav",6,1,2.397581,-0.154112,-1.120145,-17.973304,4,"SoI = c3s(m)
Noise = c31(m)+c34(m)+c35(m)",NA
"mohammadiaSupervised","mohammadiaSupervised_010ut-3dB.wav",-3,10,1.768455,-0.266691,-2.808903,-10.825818,4,"SoI = c3s(m)
Noise = c31(m)+c34(m)+c35(m)",NA
"mohammadiaSupervised","mohammadiaSupervised_010ut-6dB.wav",-6,10,1.661529,-0.210032,-1.344361,-6.53247,4,"SoI = c3s(m)
Noise = c31(m)+c34(m)+c35(m)",NA
"mohammadiaSupervised","mohammadiaSupervised_010ut00dB.wav",0,10,1.910102,-0.298876,-0.091292,-11.020549,4,"SoI = c3s(m)
Noise = c31(m)+c34(m)+c35(m)",NA
"mohammadiaSupervised","mohammadiaSupervised_010ut03dB.wav",3,10,2.053623,-0.334281,2.705835,-11.173985,4,"SoI = c3s(m)
Noise = c31(m)+c34(m)+c35(m)",NA
"mohammadiaSupervised","mohammadiaSupervised_010ut06dB.wav",6,10,2.240229,-0.311463,2.014832,-14.838327,4,"SoI = c3s(m)
Noise = c31(m)+c34(m)+c35(m)",NA
"mohammadiaSupervised","mohammadiaSupervised_050ut-3dB.wav",-3,50,1.776813,-0.258333,-1.282662,-9.299576,4,"SoI = c3s(m)
Noise = c31(m)+c34(m)+c35(m)",NA
"mohammadiaSupervised","mohammadiaSupervised_050ut-6dB.wav",-6,50,1.661493,-0.210067,-2.450871,-7.638979,4,"SoI = c3s(m)
Noise = c31(m)+c34(m)+c35(m)",NA
"mohammadiaSupervised","mohammadiaSupervised_050ut00dB.wav",0,50,1.933609,-0.275369,-2.331391,-13.260648,4,"SoI = c3s(m)
Noise = c31(m)+c34(m)+c35(m)",NA
"mohammadiaSupervised","mohammadiaSupervised_050ut03dB.wav",3,50,2.091932,-0.295972,0.352914,-13.526905,4,"SoI = c3s(m)
Noise = c31(m)+c34(m)+c35(m)",NA
"mohammadiaSupervised","mohammadiaSupervised_050ut06dB.wav",6,50,2.26267,-0.289023,-0.540496,-17.393655,4,"SoI = c3s(m)
Noise = c31(m)+c34(m)+c35(m)",NA
"mohammadiaSupervised","mohammadiaSupervised_080ut-3dB.wav",-3,80,1.781629,-0.253517,-1.437846,-9.45476,4,"SoI = c3s(m)
Noise = c31(m)+c34(m)+c35(m)",NA
"mohammadiaSupervised","mohammadiaSupervised_080ut-6dB.wav",-6,80,1.646865,-0.224696,-0.360619,-5.548727,4,"SoI = c3s(m)
Noise = c31(m)+c34(m)+c35(m)",NA
"mohammadiaSupervised","mohammadiaSupervised_080ut00dB.wav",0,80,1.932729,-0.276249,0.646992,-10.282265,4,"SoI = c3s(m)
Noise = c31(m)+c34(m)+c35(m)",NA
"mohammadiaSupervised","mohammadiaSupervised_080ut03dB.wav",3,80,2.107927,-0.279977,2.473852,-11.405967,4,"SoI = c3s(m)
Noise = c31(m)+c34(m)+c35(m)",NA
"mohammadiaSupervised","mohammadiaSupervised_080ut06dB.wav",6,80,2.255674,-0.296018,3.400979,-13.45218,4,"SoI = c3s(m)
Noise = c31(m)+c34(m)+c35(m)",NA
"mohammadiaOnline","mohammadiaOnline_001ut-3dB.wav",-3,1,1.784803,-0.175193,12.070368,6.084966,5,"SoI = c3s(m)
Noise = c3f(m)+c3c(f)+c35(m)",NA
"mohammadiaOnline","mohammadiaOnline_001ut-6dB.wav",-6,1,1.570047,-0.25483,9.272335,6.308033,5,"SoI = c3s(m)
Noise = c3f(m)+c3c(f)+c35(m)",NA
"mohammadiaOnline","mohammadiaOnline_001ut00dB.wav",0,1,2.004916,-0.114969,15.652274,6.662358,5,"SoI = c3s(m)
Noise = c3f(m)+c3c(f)+c35(m)",NA
"mohammadiaOnline","mohammadiaOnline_001ut03dB.wav",3,1,2.184105,-0.123642,13.5378,1.562617,5,"SoI = c3s(m)
Noise = c3f(m)+c3c(f)+c35(m)",NA
"mohammadiaOnline","mohammadiaOnline_001ut06dB.wav",6,1,2.379171,-0.093632,12.074922,-2.864527,5,"SoI = c3s(m)
Noise = c3f(m)+c3c(f)+c35(m)",NA
"mohammadiaOnline","mohammadiaOnline_005ut-3dB.wav",-3,5,1.714905,-0.245091,11.736265,5.750862,5,"SoI = c3s(m)
Noise = c3f(m)+c3c(f)+c35(m)",NA
"mohammadiaOnline","mohammadiaOnline_005ut-6dB.wav",-6,5,1.474834,-0.350043,10.355701,7.391399,5,"SoI = c3s(m)
Noise = c3f(m)+c3c(f)+c35(m)",NA
"mohammadiaOnline","mohammadiaOnline_005ut00dB.wav",0,5,1.957336,-0.162549,14.118751,5.128836,5,"SoI = c3s(m)
Noise = c3f(m)+c3c(f)+c35(m)",NA
"mohammadiaOnline","mohammadiaOnline_005ut03dB.wav",3,5,2.179223,-0.128524,12.833681,0.858499,5,"SoI = c3s(m)
Noise = c3f(m)+c3c(f)+c35(m)",NA
"mohammadiaOnline","mohammadiaOnline_005ut06dB.wav",6,5,2.363838,-0.108965,12.330861,-2.608588,5,"SoI = c3s(m)
Noise = c3f(m)+c3c(f)+c35(m)",NA
"mohammadiaOnline","mohammadiaOnline_010ut-3dB.wav",-3,10,1.681783,-0.278213,13.152846,7.167443,5,"SoI = c3s(m)
Noise = c3f(m)+c3c(f)+c35(m)",NA
"mohammadiaOnline","mohammadiaOnline_010ut-6dB.wav",-6,10,1.524871,-0.300006,9.212245,6.247943,5,"SoI = c3s(m)
Noise = c3f(m)+c3c(f)+c35(m)",NA
"mohammadiaOnline","mohammadiaOnline_010ut00dB.wav",0,10,1.958173,-0.161712,15.091855,6.101939,5,"SoI = c3s(m)
Noise = c3f(m)+c3c(f)+c35(m)",NA
"mohammadiaOnline","mohammadiaOnline_010ut03dB.wav",3,10,2.162979,-0.144768,14.520811,2.545628,5,"SoI = c3s(m)
Noise = c3f(m)+c3c(f)+c35(m)",NA
"mohammadiaOnline","mohammadiaOnline_010ut06dB.wav",6,10,2.37727,-0.095533,13.110697,-1.828752,5,"SoI = c3s(m)
Noise = c3f(m)+c3c(f)+c35(m)",NA
"mohammadiaOnline","mohammadiaOnline_050ut-3dB.wav",-3,50,1.737172,-0.222823,9.969705,3.984303,5,"SoI = c3s(m)
Noise = c3f(m)+c3c(f)+c35(m)",NA
"mohammadiaOnline","mohammadiaOnline_050ut-6dB.wav",-6,50,1.429621,-0.395256,7.700987,4.736685,5,"SoI = c3s(m)
Noise = c3f(m)+c3c(f)+c35(m)",NA
"mohammadiaOnline","mohammadiaOnline_050ut00dB.wav",0,50,1.97293,-0.146956,15.441397,6.451481,5,"SoI = c3s(m)
Noise = c3f(m)+c3c(f)+c35(m)",NA
"mohammadiaOnline","mohammadiaOnline_050ut03dB.wav",3,50,2.177924,-0.129823,15.877337,3.902155,5,"SoI = c3s(m)
Noise = c3f(m)+c3c(f)+c35(m)",NA
"mohammadiaOnline","mohammadiaOnline_050ut06dB.wav",6,50,2.365624,-0.107179,17.820875,2.881426,5,"SoI = c3s(m)
Noise = c3f(m)+c3c(f)+c35(m)",NA
"mohammadiaOnline","mohammadiaOnline_080ut-3dB.wav",-3,80,1.713225,-0.246771,11.940253,5.95485,5,"SoI = c3s(m)
Noise = c3f(m)+c3c(f)+c35(m)",NA
"mohammadiaOnline","mohammadiaOnline_080ut-6dB.wav",-6,80,1.437542,-0.387335,10.526042,7.561741,5,"SoI = c3s(m)
Noise = c3f(m)+c3c(f)+c35(m)",NA
"mohammadiaOnline","mohammadiaOnline_080ut00dB.wav",0,80,1.986094,-0.133791,12.52025,3.530334,5,"SoI = c3s(m)
Noise = c3f(m)+c3c(f)+c35(m)",NA
"mohammadiaOnline","mohammadiaOnline_080ut03dB.wav",3,80,2.170589,-0.137158,13.12721,1.152028,5,"SoI = c3s(m)
Noise = c3f(m)+c3c(f)+c35(m)",NA
"mohammadiaOnline","mohammadiaOnline_080ut06dB.wav",6,80,2.366938,-0.105865,13.896404,-1.043045,5,"SoI = c3s(m)
Noise = c3f(m)+c3c(f)+c35(m)",NA
"mohammadiaSupervised","mohammadiaSupervised_001ut-3dB.wav",-3,1,1.918733,-0.041263,6.638631,0.653229,5,"SoI = c3s(m)
Noise = c3f(m)+c3c(f)+c35(m)",NA
"mohammadiaSupervised","mohammadiaSupervised_001ut-6dB.wav",-6,1,1.724281,-0.100596,2.713599,-0.250702,5,"SoI = c3s(m)
Noise = c3f(m)+c3c(f)+c35(m)",NA
"mohammadiaSupervised","mohammadiaSupervised_001ut00dB.wav",0,1,2.084658,-0.035227,8.514758,-0.475158,5,"SoI = c3s(m)
Noise = c3f(m)+c3c(f)+c35(m)",NA
"mohammadiaSupervised","mohammadiaSupervised_001ut03dB.wav",3,1,2.256007,-0.051739,12.617703,0.642521,5,"SoI = c3s(m)
Noise = c3f(m)+c3c(f)+c35(m)",NA
"mohammadiaSupervised","mohammadiaSupervised_001ut06dB.wav",6,1,2.384931,-0.087872,13.475782,-1.463668,5,"SoI = c3s(m)
Noise = c3f(m)+c3c(f)+c35(m)",NA
"mohammadiaSupervised","mohammadiaSupervised_005ut-3dB.wav",-3,5,1.808155,-0.151841,5.526102,-0.459301,5,"SoI = c3s(m)
Noise = c3f(m)+c3c(f)+c35(m)",NA
"mohammadiaSupervised","mohammadiaSupervised_005ut-6dB.wav",-6,5,1.569914,-0.254963,8.737774,5.773472,5,"SoI = c3s(m)
Noise = c3f(m)+c3c(f)+c35(m)",NA
"mohammadiaSupervised","mohammadiaSupervised_005ut00dB.wav",0,5,1.835293,-0.284592,7.984089,-1.005827,5,"SoI = c3s(m)
Noise = c3f(m)+c3c(f)+c35(m)",NA
"mohammadiaSupervised","mohammadiaSupervised_005ut03dB.wav",3,5,1.940028,-0.367719,7.642519,-4.332664,5,"SoI = c3s(m)
Noise = c3f(m)+c3c(f)+c35(m)",NA
"mohammadiaSupervised","mohammadiaSupervised_005ut06dB.wav",6,5,2.068351,-0.404452,7.284389,-7.65506,5,"SoI = c3s(m)
Noise = c3f(m)+c3c(f)+c35(m)",NA
"mohammadiaSupervised","mohammadiaSupervised_010ut-3dB.wav",-3,10,1.645467,-0.314528,4.954232,-1.031171,5,"SoI = c3s(m)
Noise = c3f(m)+c3c(f)+c35(m)",NA
"mohammadiaSupervised","mohammadiaSupervised_010ut-6dB.wav",-6,10,1.600571,-0.224306,7.362576,4.398274,5,"SoI = c3s(m)
Noise = c3f(m)+c3c(f)+c35(m)",NA
"mohammadiaSupervised","mohammadiaSupervised_010ut00dB.wav",0,10,1.77957,-0.340316,2.617728,-6.372188,5,"SoI = c3s(m)
Noise = c3f(m)+c3c(f)+c35(m)",NA
"mohammadiaSupervised","mohammadiaSupervised_010ut03dB.wav",3,10,1.921715,-0.386032,4.677895,-7.297287,5,"SoI = c3s(m)
Noise = c3f(m)+c3c(f)+c35(m)",NA
"mohammadiaSupervised","mohammadiaSupervised_010ut06dB.wav",6,10,2.039098,-0.433705,2.836896,-12.102553,5,"SoI = c3s(m)
Noise = c3f(m)+c3c(f)+c35(m)",NA
"mohammadiaSupervised","mohammadiaSupervised_050ut-3dB.wav",-3,50,1.68825,-0.271746,1.463483,-4.52192,5,"SoI = c3s(m)
Noise = c3f(m)+c3c(f)+c35(m)",NA
"mohammadiaSupervised","mohammadiaSupervised_050ut-6dB.wav",-6,50,1.514875,-0.310002,4.863014,1.898712,5,"SoI = c3s(m)
Noise = c3f(m)+c3c(f)+c35(m)",NA
"mohammadiaSupervised","mohammadiaSupervised_050ut00dB.wav",0,50,1.80989,-0.309995,0.603698,-8.386218,5,"SoI = c3s(m)
Noise = c3f(m)+c3c(f)+c35(m)",NA
"mohammadiaSupervised","mohammadiaSupervised_050ut03dB.wav",3,50,1.990896,-0.316851,2.698403,-9.276779,5,"SoI = c3s(m)
Noise = c3f(m)+c3c(f)+c35(m)",NA
"mohammadiaSupervised","mohammadiaSupervised_050ut06dB.wav",6,50,2.088893,-0.38391,2.57002,-12.369429,5,"SoI = c3s(m)
Noise = c3f(m)+c3c(f)+c35(m)",NA
"mohammadiaSupervised","mohammadiaSupervised_080ut-3dB.wav",-3,80,1.770232,-0.189763,6.788806,0.803403,5,"SoI = c3s(m)
Noise = c3f(m)+c3c(f)+c35(m)",NA
"mohammadiaSupervised","mohammadiaSupervised_080ut-6dB.wav",-6,80,1.522307,-0.302569,11.31127,8.346969,5,"SoI = c3s(m)
Noise = c3f(m)+c3c(f)+c35(m)",NA
"mohammadiaSupervised","mohammadiaSupervised_080ut00dB.wav",0,80,1.936021,-0.183865,5.195292,-3.794623,5,"SoI = c3s(m)
Noise = c3f(m)+c3c(f)+c35(m)",NA
"mohammadiaSupervised","mohammadiaSupervised_080ut03dB.wav",3,80,2.023646,-0.2841,6.416891,-5.558292,5,"SoI = c3s(m)
Noise = c3f(m)+c3c(f)+c35(m)",NA
"mohammadiaSupervised","mohammadiaSupervised_080ut06dB.wav",6,80,2.170815,-0.301988,6.620291,-8.319158,5,"SoI = c3s(m)
Noise = c3f(m)+c3c(f)+c35(m)",NA
"mohammadiaOnline","mohammadiaOnline_001ut-3dB.wav",-3,1,2.27494,-0.057434,8.442968,-0.398595,6,"SoI = c3s(m)
Noise = c3f(m)+c3c(f)",NA
"mohammadiaOnline","mohammadiaOnline_001ut-6dB.wav",-6,1,2.113631,-0.067133,7.010896,-1.530541,6,"SoI = c3s(m)
Noise = c3f(m)+c3c(f)",NA
"mohammadiaOnline","mohammadiaOnline_001ut00dB.wav",0,1,2.480108,-0.016577,9.707217,0.238215,6,"SoI = c3s(m)
Noise = c3f(m)+c3c(f)",NA
"mohammadiaOnline","mohammadiaOnline_001ut03dB.wav",3,1,2.638956,-0.026764,10.01044,-2.503222,6,"SoI = c3s(m)
Noise = c3f(m)+c3c(f)",NA
"mohammadiaOnline","mohammadiaOnline_001ut06dB.wav",6,1,2.801393,-0.030835,13.704105,-1.841027,6,"SoI = c3s(m)
Noise = c3f(m)+c3c(f)",NA
"mohammadiaOnline","mohammadiaOnline_005ut-3dB.wav",-3,5,2.283974,-0.0484,6.785387,-2.056176,6,"SoI = c3s(m)
Noise = c3f(m)+c3c(f)",NA
"mohammadiaOnline","mohammadiaOnline_005ut-6dB.wav",-6,5,2.085655,-0.095109,9.536301,0.994864,6,"SoI = c3s(m)
Noise = c3f(m)+c3c(f)",NA
"mohammadiaOnline","mohammadiaOnline_005ut00dB.wav",0,5,2.46018,-0.036505,6.094825,-3.374177,6,"SoI = c3s(m)
Noise = c3f(m)+c3c(f)",NA
"mohammadiaOnline","mohammadiaOnline_005ut03dB.wav",3,5,2.639106,-0.026614,7.836869,-4.676793,6,"SoI = c3s(m)
Noise = c3f(m)+c3c(f)",NA
"mohammadiaOnline","mohammadiaOnline_005ut06dB.wav",6,5,2.793195,-0.039033,10.310465,-5.234667,6,"SoI = c3s(m)
Noise = c3f(m)+c3c(f)",NA
"mohammadiaOnline","mohammadiaOnline_010ut-3dB.wav",-3,10,2.284932,-0.047442,8.367956,-0.473607,6,"SoI = c3s(m)
Noise = c3f(m)+c3c(f)",NA
"mohammadiaOnline","mohammadiaOnline_010ut-6dB.wav",-6,10,2.094004,-0.086759,11.459289,2.917852,6,"SoI = c3s(m)
Noise = c3f(m)+c3c(f)",NA
"mohammadiaOnline","mohammadiaOnline_010ut00dB.wav",0,10,2.474138,-0.022547,8.514007,-0.954994,6,"SoI = c3s(m)
Noise = c3f(m)+c3c(f)",NA
"mohammadiaOnline","mohammadiaOnline_010ut03dB.wav",3,10,2.618229,-0.047492,12.619721,0.106059,6,"SoI = c3s(m)
Noise = c3f(m)+c3c(f)",NA
"mohammadiaOnline","mohammadiaOnline_010ut06dB.wav",6,10,2.798348,-0.03388,12.595383,-2.949749,6,"SoI = c3s(m)
Noise = c3f(m)+c3c(f)",NA
"mohammadiaOnline","mohammadiaOnline_050ut-3dB.wav",-3,50,2.255581,-0.076793,12.670565,3.829002,6,"SoI = c3s(m)
Noise = c3f(m)+c3c(f)",NA
"mohammadiaOnline","mohammadiaOnline_050ut-6dB.wav",-6,50,2.094168,-0.086596,10.062186,1.520749,6,"SoI = c3s(m)
Noise = c3f(m)+c3c(f)",NA
"mohammadiaOnline","mohammadiaOnline_050ut00dB.wav",0,50,2.458816,-0.037869,14.867873,5.398871,6,"SoI = c3s(m)
Noise = c3f(m)+c3c(f)",NA
"mohammadiaOnline","mohammadiaOnline_050ut03dB.wav",3,50,2.629205,-0.036516,12.632328,0.118666,6,"SoI = c3s(m)
Noise = c3f(m)+c3c(f)",NA
"mohammadiaOnline","mohammadiaOnline_050ut06dB.wav",6,50,2.784364,-0.047864,22.055805,6.510674,6,"SoI = c3s(m)
Noise = c3f(m)+c3c(f)",NA
"mohammadiaOnline","mohammadiaOnline_080ut-3dB.wav",-3,80,2.287166,-0.045208,7.259904,-1.58166,6,"SoI = c3s(m)
Noise = c3f(m)+c3c(f)",NA
"mohammadiaOnline","mohammadiaOnline_080ut-6dB.wav",-6,80,2.079497,-0.101267,9.201619,0.660182,6,"SoI = c3s(m)
Noise = c3f(m)+c3c(f)",NA
"mohammadiaOnline","mohammadiaOnline_080ut00dB.wav",0,80,2.471238,-0.025448,6.487654,-2.981348,6,"SoI = c3s(m)
Noise = c3f(m)+c3c(f)",NA
"mohammadiaOnline","mohammadiaOnline_080ut03dB.wav",3,80,2.629037,-0.036684,8.255407,-4.258256,6,"SoI = c3s(m)
Noise = c3f(m)+c3c(f)",NA
"mohammadiaOnline","mohammadiaOnline_080ut06dB.wav",6,80,2.798625,-0.033603,8.935687,-6.609445,6,"SoI = c3s(m)
Noise = c3f(m)+c3c(f)",NA
"mohammadiaSupervised","mohammadiaSupervised_001ut-3dB.wav",-3,1,2.274386,-0.057988,9.94764,1.106076,6,"SoI = c3s(m)
Noise = c3f(m)+c3c(f)",NA
"mohammadiaSupervised","mohammadiaSupervised_001ut-6dB.wav",-6,1,2.13034,-0.050424,11.636122,3.094685,6,"SoI = c3s(m)
Noise = c3f(m)+c3c(f)",NA
"mohammadiaSupervised","mohammadiaSupervised_001ut00dB.wav",0,1,2.433833,-0.062852,6.679609,-2.789393,6,"SoI = c3s(m)
Noise = c3f(m)+c3c(f)",NA
"mohammadiaSupervised","mohammadiaSupervised_001ut03dB.wav",3,1,2.603116,-0.062604,10.099185,-2.414478,6,"SoI = c3s(m)
Noise = c3f(m)+c3c(f)",NA
"mohammadiaSupervised","mohammadiaSupervised_001ut06dB.wav",6,1,2.785669,-0.046559,14.946713,-0.598418,6,"SoI = c3s(m)
Noise = c3f(m)+c3c(f)",NA
"mohammadiaSupervised","mohammadiaSupervised_005ut-3dB.wav",-3,5,2.074136,-0.258238,10.84649,2.004927,6,"SoI = c3s(m)
Noise = c3f(m)+c3c(f)",NA
"mohammadiaSupervised","mohammadiaSupervised_005ut-6dB.wav",-6,5,2.137173,-0.043591,11.09433,2.552893,6,"SoI = c3s(m)
Noise = c3f(m)+c3c(f)",NA
"mohammadiaSupervised","mohammadiaSupervised_005ut00dB.wav",0,5,2.556088,0.059403,16.663625,7.194623,6,"SoI = c3s(m)
Noise = c3f(m)+c3c(f)",NA
"mohammadiaSupervised","mohammadiaSupervised_005ut03dB.wav",3,5,2.339469,-0.326251,11.011723,-1.501939,6,"SoI = c3s(m)
Noise = c3f(m)+c3c(f)",NA
"mohammadiaSupervised","mohammadiaSupervised_005ut06dB.wav",6,5,2.436074,-0.396154,14.411165,-1.133967,6,"SoI = c3s(m)
Noise = c3f(m)+c3c(f)",NA
"mohammadiaSupervised","mohammadiaSupervised_010ut-3dB.wav",-3,10,2.046089,-0.286285,8.403509,-0.438055,6,"SoI = c3s(m)
Noise = c3f(m)+c3c(f)",NA
"mohammadiaSupervised","mohammadiaSupervised_010ut-6dB.wav",-6,10,2.155336,-0.025427,17.380442,8.839005,6,"SoI = c3s(m)
Noise = c3f(m)+c3c(f)",NA
"mohammadiaSupervised","mohammadiaSupervised_010ut00dB.wav",0,10,2.504623,0.007938,14.793538,5.324536,6,"SoI = c3s(m)
Noise = c3f(m)+c3c(f)",NA
"mohammadiaSupervised","mohammadiaSupervised_010ut03dB.wav",3,10,2.261223,-0.404498,3.553228,-8.960435,6,"SoI = c3s(m)
Noise = c3f(m)+c3c(f)",NA
"mohammadiaSupervised","mohammadiaSupervised_010ut06dB.wav",6,10,2.404464,-0.427764,10.174307,-5.370824,6,"SoI = c3s(m)
Noise = c3f(m)+c3c(f)",NA
"mohammadiaSupervised","mohammadiaSupervised_050ut-3dB.wav",-3,50,2.074092,-0.258282,5.468391,-3.373173,6,"SoI = c3s(m)
Noise = c3f(m)+c3c(f)",NA
"mohammadiaSupervised","mohammadiaSupervised_050ut-6dB.wav",-6,50,2.103982,-0.076782,8.822866,0.281429,6,"SoI = c3s(m)
Noise = c3f(m)+c3c(f)",NA
"mohammadiaSupervised","mohammadiaSupervised_050ut00dB.wav",0,50,2.527996,0.031311,10.020484,0.551482,6,"SoI = c3s(m)
Noise = c3f(m)+c3c(f)",NA
"mohammadiaSupervised","mohammadiaSupervised_050ut03dB.wav",3,50,2.305542,-0.360179,2.489336,-10.024327,6,"SoI = c3s(m)
Noise = c3f(m)+c3c(f)",NA
"mohammadiaSupervised","mohammadiaSupervised_050ut06dB.wav",6,50,2.399431,-0.432797,3.858217,-11.686914,6,"SoI = c3s(m)
Noise = c3f(m)+c3c(f)",NA
"mohammadiaSupervised","mohammadiaSupervised_080ut-3dB.wav",-3,80,2.061226,-0.271148,7.874839,-0.966725,6,"SoI = c3s(m)
Noise = c3f(m)+c3c(f)",NA
"mohammadiaSupervised","mohammadiaSupervised_080ut-6dB.wav",-6,80,2.140164,-0.0406,14.679439,6.138002,6,"SoI = c3s(m)
Noise = c3f(m)+c3c(f)",NA
"mohammadiaSupervised","mohammadiaSupervised_080ut00dB.wav",0,80,2.526531,0.029846,11.923739,2.454737,6,"SoI = c3s(m)
Noise = c3f(m)+c3c(f)",NA
"mohammadiaSupervised","mohammadiaSupervised_080ut03dB.wav",3,80,2.305343,-0.360378,8.877525,-3.636137,6,"SoI = c3s(m)
Noise = c3f(m)+c3c(f)",NA
"mohammadiaSupervised","mohammadiaSupervised_080ut06dB.wav",6,80,2.407311,-0.424917,10.41641,-5.128722,6,"SoI = c3s(m)
Noise = c3f(m)+c3c(f)",NA
"mohammadiaOnline","mohammadiaOnline_001ut-3dB.wav",-3,1,2.835218,0.188668,4.925946,-20.1,7,"SoI = c3s(m)
Noise = c3f(m)",NA
"mohammadiaOnline","mohammadiaOnline_001ut-6dB.wav",-6,1,3.302675,0.794552,8.047903,-14,7,"SoI = c3s(m)
Noise = c3f(m)",NA
"mohammadiaOnline","mohammadiaOnline_001ut00dB.wav",0,1,2.538945,-0.249708,5.465338,-22.1,7,"SoI = c3s(m)
Noise = c3f(m)",NA
"mohammadiaOnline","mohammadiaOnline_001ut03dB.wav",3,1,1.130126,-1.806691,2.717508,-26.4,7,"SoI = c3s(m)
Noise = c3f(m)",NA
"mohammadiaOnline","mohammadiaOnline_001ut06dB.wav",6,1,1.388689,-1.703273,3.545126,-26.9,7,"SoI = c3s(m)
Noise = c3f(m)",NA
"mohammadiaOnline","mohammadiaOnline_005ut-3dB.wav",-3,5,2.79003,0.14348,5.694245,-19.4,7,"SoI = c3s(m)
Noise = c3f(m)",NA
"mohammadiaOnline","mohammadiaOnline_005ut-6dB.wav",-6,5,3.092217,0.584094,8.443617,-13.7,7,"SoI = c3s(m)
Noise = c3f(m)",NA
"mohammadiaOnline","mohammadiaOnline_005ut00dB.wav",0,5,1.130542,-1.658111,6.537029,-21.1,7,"SoI = c3s(m)
Noise = c3f(m)",NA
"mohammadiaOnline","mohammadiaOnline_005ut03dB.wav",3,5,1.168647,-1.768171,3.151413,-25.9,7,"SoI = c3s(m)
Noise = c3f(m)",NA
"mohammadiaOnline","mohammadiaOnline_005ut06dB.wav",6,5,1.307211,-1.784751,3.396897,-27.1,7,"SoI = c3s(m)
Noise = c3f(m)",NA
"mohammadiaOnline","mohammadiaOnline_010ut-3dB.wav",-3,10,3.512431,0.865881,4.630553,-20.4,7,"SoI = c3s(m)
Noise = c3f(m)",NA
"mohammadiaOnline","mohammadiaOnline_010ut-6dB.wav",-6,10,3.062751,0.554627,7.101296,-15,7,"SoI = c3s(m)
Noise = c3f(m)",NA
"mohammadiaOnline","mohammadiaOnline_010ut00dB.wav",0,10,1.924263,-0.86439,3.359232,-24.2,7,"SoI = c3s(m)
Noise = c3f(m)",NA
"mohammadiaOnline","mohammadiaOnline_010ut03dB.wav",3,10,1.182897,-1.753921,2.628684,-26.5,7,"SoI = c3s(m)
Noise = c3f(m)",NA
"mohammadiaOnline","mohammadiaOnline_010ut06dB.wav",6,10,1.360169,-1.731793,2.841976,-27.6,7,"SoI = c3s(m)
Noise = c3f(m)",NA
"mohammadiaOnline","mohammadiaOnline_050ut-3dB.wav",-3,50,2.865453,0.218903,11.808096,-13.2,7,"SoI = c3s(m)
Noise = c3f(m)",NA
"mohammadiaOnline","mohammadiaOnline_050ut-6dB.wav",-6,50,3.259305,0.751182,11.742532,-10.4,7,"SoI = c3s(m)
Noise = c3f(m)",NA
"mohammadiaOnline","mohammadiaOnline_050ut00dB.wav",0,50,2.471485,-0.317168,11.250474,-16.4,7,"SoI = c3s(m)
Noise = c3f(m)",NA
"mohammadiaOnline","mohammadiaOnline_050ut03dB.wav",3,50,1.040603,-1.896215,6.225807,-22.9,7,"SoI = c3s(m)
Noise = c3f(m)",NA
"mohammadiaOnline","mohammadiaOnline_050ut06dB.wav",6,50,1.148313,-1.943648,8.014813,-22.4,7,"SoI = c3s(m)
Noise = c3f(m)",NA
"mohammadiaOnline","mohammadiaOnline_080ut-3dB.wav",-3,80,2.852867,0.206317,13.636311,-11.4,7,"SoI = c3s(m)
Noise = c3f(m)",NA
"mohammadiaOnline","mohammadiaOnline_080ut-6dB.wav",-6,80,3.032956,0.524832,8.768991,-13.3,7,"SoI = c3s(m)
Noise = c3f(m)",NA
"mohammadiaOnline","mohammadiaOnline_080ut00dB.wav",0,80,2.774566,-0.014087,12.071064,-15.5,7,"SoI = c3s(m)
Noise = c3f(m)",NA
"mohammadiaOnline","mohammadiaOnline_080ut03dB.wav",3,80,1.035673,-1.901144,7.614512,-21.5,7,"SoI = c3s(m)
Noise = c3f(m)",NA
"mohammadiaOnline","mohammadiaOnline_080ut06dB.wav",6,80,1.26507,-1.826892,7.286034,-23.2,7,"SoI = c3s(m)
Noise = c3f(m)",NA
"mohammadiaSupervised","mohammadiaSupervised_001ut-3dB.wav",-3,1,2.571693,-0.074857,6.705563,-18.3,7,"SoI = c3s(m)
Noise = c3f(m)",NA
"mohammadiaSupervised","mohammadiaSupervised_001ut-6dB.wav",-6,1,2.932105,0.423982,8.679723,-13.4,7,"SoI = c3s(m)
Noise = c3f(m)",NA
"mohammadiaSupervised","mohammadiaSupervised_001ut00dB.wav",0,1,2.623381,-0.165272,5.129778,-22.5,7,"SoI = c3s(m)
Noise = c3f(m)",NA
"mohammadiaSupervised","mohammadiaSupervised_001ut03dB.wav",3,1,1.031189,-1.905628,4.505093,-24.6,7,"SoI = c3s(m)
Noise = c3f(m)",NA
"mohammadiaSupervised","mohammadiaSupervised_001ut06dB.wav",6,1,1.264306,-1.827656,6.579128,-23.9,7,"SoI = c3s(m)
Noise = c3f(m)",NA
"mohammadiaSupervised","mohammadiaSupervised_005ut-3dB.wav",-3,5,2.880794,0.234244,8.250435,-16.8,7,"SoI = c3s(m)
Noise = c3f(m)",NA
"mohammadiaSupervised","mohammadiaSupervised_005ut-6dB.wav",-6,5,2.508636,0.000513,10.287987,-11.8,7,"SoI = c3s(m)
Noise = c3f(m)",NA
"mohammadiaSupervised","mohammadiaSupervised_005ut00dB.wav",0,5,3.367832,0.579179,5.661385,-21.9,7,"SoI = c3s(m)
Noise = c3f(m)",NA
"mohammadiaSupervised","mohammadiaSupervised_005ut03dB.wav",3,5,1.449218,-1.4876,4.427696,-24.7,7,"SoI = c3s(m)
Noise = c3f(m)",NA
"mohammadiaSupervised","mohammadiaSupervised_005ut06dB.wav",6,5,1.349823,-1.742138,5.768893,-24.7,7,"SoI = c3s(m)
Noise = c3f(m)",NA
"mohammadiaSupervised","mohammadiaSupervised_010ut-3dB.wav",-3,10,2.309318,-0.337233,4.41905,-20.6,7,"SoI = c3s(m)
Noise = c3f(m)",NA
"mohammadiaSupervised","mohammadiaSupervised_010ut-6dB.wav",-6,10,2.458201,-0.049922,7.233048,-14.9,7,"SoI = c3s(m)
Noise = c3f(m)",NA
"mohammadiaSupervised","mohammadiaSupervised_010ut00dB.wav",0,10,1.609301,-1.179352,3.454406,-24.1,7,"SoI = c3s(m)
Noise = c3f(m)",NA
"mohammadiaSupervised","mohammadiaSupervised_010ut03dB.wav",3,10,1.219721,-1.717097,3.307828,-25.8,7,"SoI = c3s(m)
Noise = c3f(m)",NA
"mohammadiaSupervised","mohammadiaSupervised_010ut06dB.wav",6,10,1.342544,-1.749418,3.526875,-26.9,7,"SoI = c3s(m)
Noise = c3f(m)",NA
"mohammadiaSupervised","mohammadiaSupervised_050ut-3dB.wav",-3,50,3.090764,0.444213,10.31868,-14.7,7,"SoI = c3s(m)
Noise = c3f(m)",NA
"mohammadiaSupervised","mohammadiaSupervised_050ut-6dB.wav",-6,50,2.908499,0.400376,9.631694,-12.5,7,"SoI = c3s(m)
Noise = c3f(m)",NA
"mohammadiaSupervised","mohammadiaSupervised_050ut00dB.wav",0,50,2.73937,-0.049282,10.660662,-16.9,7,"SoI = c3s(m)
Noise = c3f(m)",NA
"mohammadiaSupervised","mohammadiaSupervised_050ut03dB.wav",3,50,1.16491,-1.771908,14.405076,-14.7,7,"SoI = c3s(m)
Noise = c3f(m)",NA
"mohammadiaSupervised","mohammadiaSupervised_050ut06dB.wav",6,50,1.120411,-1.971551,9.879763,-20.6,7,"SoI = c3s(m)
Noise = c3f(m)",NA
"mohammadiaSupervised","mohammadiaSupervised_080ut-3dB.wav",-3,80,2.476822,-0.169728,14.743641,-10.3,7,"SoI = c3s(m)
Noise = c3f(m)",NA
"mohammadiaSupervised","mohammadiaSupervised_080ut-6dB.wav",-6,80,2.846038,0.337914,10.333399,-11.8,7,"SoI = c3s(m)
Noise = c3f(m)",NA
"mohammadiaSupervised","mohammadiaSupervised_080ut00dB.wav",0,80,2.447907,-0.340745,13.923286,-13.7,7,"SoI = c3s(m)
Noise = c3f(m)",NA
"mohammadiaSupervised","mohammadiaSupervised_080ut03dB.wav",3,80,1.310537,-1.626281,17.22417,-11.9,7,"SoI = c3s(m)
Noise = c3f(m)",NA
"mohammadiaSupervised","mohammadiaSupervised_080ut06dB.wav",6,80,1.114102,-1.97786,15.907736,-14.5,7,"SoI = c3s(m)
Noise = c3f(m)",NA
"phonememohammadiaOnline","phonememohammadiaOnline_001ph-3dB.wav",-3,NA,2.5149,-0.13165,21.114933,-3.94,7,"SoI = c3s(m)
Noise = c3f(m)",1
"phonememohammadiaOnline","phonememohammadiaOnline_001ph-6dB.wav",-6,NA,2.388186,-0.119937,19.522011,-2.57,7,"SoI = c3s(m)
Noise = c3f(m)",1
"phonememohammadiaOnline","phonememohammadiaOnline_001ph00dB.wav",0,NA,2.668067,-0.120586,25.307968,-2.29,7,"SoI = c3s(m)
Noise = c3f(m)",1
"phonememohammadiaOnline","phonememohammadiaOnline_001ph03dB.wav",3,NA,2.81169,-0.125127,20.706086,-8.39,7,"SoI = c3s(m)
Noise = c3f(m)",1
"phonememohammadiaOnline","phonememohammadiaOnline_001ph06dB.wav",6,NA,2.938088,-0.153873,25.177694,-5.27,7,"SoI = c3s(m)
Noise = c3f(m)",1
"phonememohammadiaOnline","phonememohammadiaOnline_005ph-3dB.wav",-3,NA,2.539814,-0.106736,19.268472,-5.78,7,"SoI = c3s(m)
Noise = c3f(m)",5
"phonememohammadiaOnline","phonememohammadiaOnline_005ph-6dB.wav",-6,NA,2.387392,-0.120732,19.038034,-3.06,7,"SoI = c3s(m)
Noise = c3f(m)",5
"phonememohammadiaOnline","phonememohammadiaOnline_005ph00dB.wav",0,NA,2.673082,-0.115571,21.29395,-6.31,7,"SoI = c3s(m)
Noise = c3f(m)",5
"phonememohammadiaOnline","phonememohammadiaOnline_005ph03dB.wav",3,NA,2.796845,-0.139973,23.109354,-5.99,7,"SoI = c3s(m)
Noise = c3f(m)",5
"phonememohammadiaOnline","phonememohammadiaOnline_005ph06dB.wav",6,NA,2.947603,-0.144359,22.986914,-7.46,7,"SoI = c3s(m)
Noise = c3f(m)",5
"phonememohammadiaOnline","phonememohammadiaOnline_010ph-3dB.wav",-3,NA,2.525584,-0.120966,19.919207,-5.13,7,"SoI = c3s(m)
Noise = c3f(m)",10
"phonememohammadiaOnline","phonememohammadiaOnline_010ph-6dB.wav",-6,NA,2.397887,-0.110237,18.578558,-3.52,7,"SoI = c3s(m)
Noise = c3f(m)",10
"phonememohammadiaOnline","phonememohammadiaOnline_010ph00dB.wav",0,NA,2.667903,-0.12075,21.090416,-6.51,7,"SoI = c3s(m)
Noise = c3f(m)",10
"phonememohammadiaOnline","phonememohammadiaOnline_010ph03dB.wav",3,NA,2.813397,-0.123421,24.421542,-4.68,7,"SoI = c3s(m)
Noise = c3f(m)",10
"phonememohammadiaOnline","phonememohammadiaOnline_010ph06dB.wav",6,NA,2.938712,-0.15325,23.034109,-7.41,7,"SoI = c3s(m)
Noise = c3f(m)",10
"phonememohammadiaOnline","phonememohammadiaOnline_050ph-3dB.wav",-3,NA,2.542891,-0.10366,19.922985,-5.13,7,"SoI = c3s(m)
Noise = c3f(m)",50
"phonememohammadiaOnline","phonememohammadiaOnline_050ph-6dB.wav",-6,NA,2.372873,-0.13525,19.395279,-2.7,7,"SoI = c3s(m)
Noise = c3f(m)",50
"phonememohammadiaOnline","phonememohammadiaOnline_050ph00dB.wav",0,NA,2.679915,-0.108738,21.412992,-6.19,7,"SoI = c3s(m)
Noise = c3f(m)",50
"phonememohammadiaOnline","phonememohammadiaOnline_050ph03dB.wav",3,NA,2.796978,-0.13984,21.633769,-7.46,7,"SoI = c3s(m)
Noise = c3f(m)",50
"phonememohammadiaOnline","phonememohammadiaOnline_050ph06dB.wav",6,NA,2.953286,-0.138676,23.262767,-7.19,7,"SoI = c3s(m)
Noise = c3f(m)",50
"phonememohammadiaOnline","phonememohammadiaOnline_100ph-3dB.wav",-3,NA,2.522058,-0.124493,19.111205,-5.94,7,"SoI = c3s(m)
Noise = c3f(m)",100
"phonememohammadiaOnline","phonememohammadiaOnline_100ph-6dB.wav",-6,NA,2.387536,-0.120587,18.145516,-3.95,7,"SoI = c3s(m)
Noise = c3f(m)",100
"phonememohammadiaOnline","phonememohammadiaOnline_100ph00dB.wav",0,NA,2.661014,-0.127639,21.032298,-6.57,7,"SoI = c3s(m)
Noise = c3f(m)",100
"phonememohammadiaOnline","phonememohammadiaOnline_100ph03dB.wav",3,NA,2.8202,-0.116618,20.841046,-8.26,7,"SoI = c3s(m)
Noise = c3f(m)",100
"phonememohammadiaOnline","phonememohammadiaOnline_100ph06dB.wav",6,NA,2.955228,-0.136734,22.732696,-7.72,7,"SoI = c3s(m)
Noise = c3f(m)",100
"phonememohammadiaOnline","phonememohammadiaOnline_500ph-3dB.wav",-3,NA,2.53667,-0.10988,20.582702,-4.47,7,"SoI = c3s(m)
Noise = c3f(m)",500
"phonememohammadiaOnline","phonememohammadiaOnline_500ph-6dB.wav",-6,NA,2.367788,-0.140336,18.440099,-3.65,7,"SoI = c3s(m)
Noise = c3f(m)",500
"phonememohammadiaOnline","phonememohammadiaOnline_500ph00dB.wav",0,NA,2.666922,-0.121731,20.222059,-7.38,7,"SoI = c3s(m)
Noise = c3f(m)",500
"phonememohammadiaOnline","phonememohammadiaOnline_500ph03dB.wav",3,NA,2.801699,-0.135119,23.825404,-5.27,7,"SoI = c3s(m)
Noise = c3f(m)",500
"phonememohammadiaOnline","phonememohammadiaOnline_500ph06dB.wav",6,NA,2.943647,-0.148315,24.167097,-6.28,7,"SoI = c3s(m)
Noise = c3f(m)",500
"phonememohammadiaSupervised","phonememohammadiaSupervised_001ph-3dB.wav",-3,NA,2.31686,-0.32969,13.020518,-12,7,"SoI = c3s(m)
Noise = c3f(m)",1
"phonememohammadiaSupervised","phonememohammadiaSupervised_001ph-6dB.wav",-6,NA,2.120624,-0.3875,14.04108,-8.05,7,"SoI = c3s(m)
Noise = c3f(m)",1
"phonememohammadiaSupervised","phonememohammadiaSupervised_001ph00dB.wav",0,NA,2.511422,-0.27723,15.148628,-12.5,7,"SoI = c3s(m)
Noise = c3f(m)",1
"phonememohammadiaSupervised","phonememohammadiaSupervised_001ph03dB.wav",3,NA,2.699752,-0.237065,14.114083,-15,7,"SoI = c3s(m)
Noise = c3f(m)",1
"phonememohammadiaSupervised","phonememohammadiaSupervised_001ph06dB.wav",6,NA,2.853095,-0.238867,13.401446,-17,7,"SoI = c3s(m)
Noise = c3f(m)",1
"phonememohammadiaSupervised","phonememohammadiaSupervised_005ph-3dB.wav",-3,NA,2.282589,-0.363961,14.13524,-10.9,7,"SoI = c3s(m)
Noise = c3f(m)",5
"phonememohammadiaSupervised","phonememohammadiaSupervised_005ph-6dB.wav",-6,NA,2.104486,-0.403638,14.024822,-8.07,7,"SoI = c3s(m)
Noise = c3f(m)",5
"phonememohammadiaSupervised","phonememohammadiaSupervised_005ph00dB.wav",0,NA,2.500933,-0.28772,16.091502,-11.5,7,"SoI = c3s(m)
Noise = c3f(m)",5
"phonememohammadiaSupervised","phonememohammadiaSupervised_005ph03dB.wav",3,NA,2.707654,-0.229164,16.77418,-12.3,7,"SoI = c3s(m)
Noise = c3f(m)",5
"phonememohammadiaSupervised","phonememohammadiaSupervised_005ph06dB.wav",6,NA,2.835082,-0.25688,15.84462,-14.6,7,"SoI = c3s(m)
Noise = c3f(m)",5
"phonememohammadiaSupervised","phonememohammadiaSupervised_010ph-3dB.wav",-3,NA,2.286074,-0.360476,15.247327,-9.81,7,"SoI = c3s(m)
Noise = c3f(m)",10
"phonememohammadiaSupervised","phonememohammadiaSupervised_010ph-6dB.wav",-6,NA,2.103161,-0.404963,13.999628,-8.1,7,"SoI = c3s(m)
Noise = c3f(m)",10
"phonememohammadiaSupervised","phonememohammadiaSupervised_010ph00dB.wav",0,NA,2.487501,-0.301152,16.419422,-11.2,7,"SoI = c3s(m)
Noise = c3f(m)",10
"phonememohammadiaSupervised","phonememohammadiaSupervised_010ph03dB.wav",3,NA,2.677774,-0.259044,20.000008,-9.1,7,"SoI = c3s(m)
Noise = c3f(m)",10
"phonememohammadiaSupervised","phonememohammadiaSupervised_010ph06dB.wav",6,NA,2.834044,-0.257918,16.450062,-14,7,"SoI = c3s(m)
Noise = c3f(m)",10
"phonememohammadiaSupervised","phonememohammadiaSupervised_050ph-3dB.wav",-3,NA,2.278733,-0.367817,14.769278,-10.3,7,"SoI = c3s(m)
Noise = c3f(m)",50
"phonememohammadiaSupervised","phonememohammadiaSupervised_050ph-6dB.wav",-6,NA,2.103255,-0.404868,15.330211,-6.76,7,"SoI = c3s(m)
Noise = c3f(m)",50
"phonememohammadiaSupervised","phonememohammadiaSupervised_050ph00dB.wav",0,NA,2.498702,-0.289951,14.653066,-12.9,7,"SoI = c3s(m)
Noise = c3f(m)",50
"phonememohammadiaSupervised","phonememohammadiaSupervised_050ph03dB.wav",3,NA,2.687608,-0.249209,16.26062,-12.8,7,"SoI = c3s(m)
Noise = c3f(m)",50
"phonememohammadiaSupervised","phonememohammadiaSupervised_050ph06dB.wav",6,NA,2.85572,-0.236242,15.042027,-15.4,7,"SoI = c3s(m)
Noise = c3f(m)",50
"phonememohammadiaSupervised","phonememohammadiaSupervised_100ph-3dB.wav",-3,NA,2.29204,-0.35451,14.138652,-10.9,7,"SoI = c3s(m)
Noise = c3f(m)",100
"phonememohammadiaSupervised","phonememohammadiaSupervised_100ph-6dB.wav",-6,NA,2.090638,-0.417486,13.795768,-8.3,7,"SoI = c3s(m)
Noise = c3f(m)",100
"phonememohammadiaSupervised","phonememohammadiaSupervised_100ph00dB.wav",0,NA,2.489673,-0.29898,14.800372,-12.8,7,"SoI = c3s(m)
Noise = c3f(m)",100
"phonememohammadiaSupervised","phonememohammadiaSupervised_100ph03dB.wav",3,NA,2.688189,-0.248629,15.83108,-13.3,7,"SoI = c3s(m)
Noise = c3f(m)",100
"phonememohammadiaSupervised","phonememohammadiaSupervised_100ph06dB.wav",6,NA,2.865932,-0.22603,15.047687,-15.4,7,"SoI = c3s(m)
Noise = c3f(m)",100
"phonememohammadiaSupervised","phonememohammadiaSupervised_500ph-3dB.wav",-3,NA,2.30361,-0.342941,14.296791,-10.8,7,"SoI = c3s(m)
Noise = c3f(m)",500
"phonememohammadiaSupervised","phonememohammadiaSupervised_500ph-6dB.wav",-6,NA,2.121284,-0.386839,13.525265,-8.57,7,"SoI = c3s(m)
Noise = c3f(m)",500
"phonememohammadiaSupervised","phonememohammadiaSupervised_500ph00dB.wav",0,NA,2.533717,-0.254936,15.89217,-11.7,7,"SoI = c3s(m)
Noise = c3f(m)",500
"phonememohammadiaSupervised","phonememohammadiaSupervised_500ph03dB.wav",3,NA,2.712997,-0.223821,15.139122,-14,7,"SoI = c3s(m)
Noise = c3f(m)",500
"phonememohammadiaSupervised","phonememohammadiaSupervised_500ph06dB.wav",6,NA,2.870928,-0.221033,16.72226,-13.7,7,"SoI = c3s(m)
Noise = c3f(m)",500
"mohammadiaOnline","mohammadiaOnline_003ut-3dB.wav",-3,3,1.380494,-1.207387,-1.223874,-26.299433,8,"SoI = c3s(m)
Noise = NOIZEUS car",NA
"mohammadiaOnline","mohammadiaOnline_003ut-6dB.wav",-6,3,1.424819,-1.023429,-1.70074,-17.620774,8,"SoI = c3s(m)
Noise = NOIZEUS car",NA
"mohammadiaOnline","mohammadiaOnline_003ut00dB.wav",0,3,1.432993,-1.303772,-0.857418,-28.347347,8,"SoI = c3s(m)
Noise = NOIZEUS car",NA
"mohammadiaOnline","mohammadiaOnline_003ut03dB.wav",3,3,1.704759,-1.192842,-1.01641,-30.166398,8,"SoI = c3s(m)
Noise = NOIZEUS car",NA
"mohammadiaOnline","mohammadiaOnline_003ut06dB.wav",6,3,1.391222,-1.662524,-1.329994,-31.886804,8,"SoI = c3s(m)
Noise = NOIZEUS car",NA
"mohammadiaSupervised","mohammadiaSupervised_003ut-3dB.wav",-3,3,1.4989,-1.088981,-2.13168,-27.207239,8,"SoI = c3s(m)
Noise = NOIZEUS car",NA
"mohammadiaSupervised","mohammadiaSupervised_003ut-6dB.wav",-6,3,1.372035,-1.076213,-3.165932,-19.085966,8,"SoI = c3s(m)
Noise = NOIZEUS car",NA
"mohammadiaSupervised","mohammadiaSupervised_003ut00dB.wav",0,3,1.521211,-1.215553,-1.299807,-28.789736,8,"SoI = c3s(m)
Noise = NOIZEUS car",NA
"mohammadiaSupervised","mohammadiaSupervised_003ut03dB.wav",3,3,1.802244,-1.095356,-1.364919,-30.514906,8,"SoI = c3s(m)
Noise = NOIZEUS car",NA
"mohammadiaSupervised","mohammadiaSupervised_003ut06dB.wav",6,3,1.464626,-1.589119,-1.484167,-32.040977,8,"SoI = c3s(m)
Noise = NOIZEUS car",NA
"phonememohammadiaOnline","phonememohammadiaOnline_001ph00dB.wav",0,NA,2.492788,-0.243977,14.344744,-13.145185,8,"SoI = c3s(m)
Noise = NOIZEUS car",1
"phonememohammadiaOnline","phonememohammadiaOnline_001ph03dB.wav",3,NA,2.642803,-0.254798,11.800087,-17.3499,8,"SoI = c3s(m)
Noise = NOIZEUS car",1
"phonememohammadiaOnline","phonememohammadiaOnline_001ph06dB.wav",6,NA,2.796007,-0.257738,12.342143,-18.214667,8,"SoI = c3s(m)
Noise = NOIZEUS car",1
"phonememohammadiaOnline","phonememohammadiaOnline_005ph00dB.wav",0,NA,2.503591,-0.233174,13.655475,-13.834454,8,"SoI = c3s(m)
Noise = NOIZEUS car",5
"phonememohammadiaOnline","phonememohammadiaOnline_005ph03dB.wav",3,NA,2.642973,-0.254627,13.055388,-16.094599,8,"SoI = c3s(m)
Noise = NOIZEUS car",5
"phonememohammadiaOnline","phonememohammadiaOnline_005ph06dB.wav",6,NA,2.777061,-0.276685,13.682104,-16.874705,8,"SoI = c3s(m)
Noise = NOIZEUS car",5
"phonememohammadiaOnline","phonememohammadiaOnline_010ph00dB.wav",0,NA,2.491266,-0.245499,13.087492,-14.402437,8,"SoI = c3s(m)
Noise = NOIZEUS car",10
"phonememohammadiaOnline","phonememohammadiaOnline_010ph03dB.wav",3,NA,2.644134,-0.253466,12.690707,-16.45928,8,"SoI = c3s(m)
Noise = NOIZEUS car",10
"phonememohammadiaOnline","phonememohammadiaOnline_010ph06dB.wav",6,NA,2.808891,-0.244854,12.677477,-17.879333,8,"SoI = c3s(m)
Noise = NOIZEUS car",10
"phonememohammadiaOnline","phonememohammadiaOnline_050ph00dB.wav",0,NA,2.503986,-0.232779,13.669574,-13.820355,8,"SoI = c3s(m)
Noise = NOIZEUS car",50
"phonememohammadiaOnline","phonememohammadiaOnline_050ph03dB.wav",3,NA,2.637385,-0.260216,12.055379,-17.094608,8,"SoI = c3s(m)
Noise = NOIZEUS car",50
"phonememohammadiaOnline","phonememohammadiaOnline_050ph06dB.wav",6,NA,2.781843,-0.271902,13.555802,-17.001008,8,"SoI = c3s(m)
Noise = NOIZEUS car",50
"phonememohammadiaOnline","phonememohammadiaOnline_100ph00dB.wav",0,NA,2.498831,-0.237933,13.524034,-13.965895,8,"SoI = c3s(m)
Noise = NOIZEUS car",100
"phonememohammadiaOnline","phonememohammadiaOnline_100ph03dB.wav",3,NA,2.644292,-0.253309,14.067265,-15.082722,8,"SoI = c3s(m)
Noise = NOIZEUS car",100
"phonememohammadiaOnline","phonememohammadiaOnline_100ph06dB.wav",6,NA,2.799975,-0.25377,13.868384,-16.688426,8,"SoI = c3s(m)
Noise = NOIZEUS car",100
"phonememohammadiaOnline","phonememohammadiaOnline_500ph00dB.wav",0,NA,2.486813,-0.249951,12.9037,-14.586229,8,"SoI = c3s(m)
Noise = NOIZEUS car",500
"phonememohammadiaOnline","phonememohammadiaOnline_500ph03dB.wav",3,NA,2.627842,-0.269759,11.676431,-17.473556,8,"SoI = c3s(m)
Noise = NOIZEUS car",500
"phonememohammadiaOnline","phonememohammadiaOnline_500ph06dB.wav",6,NA,2.779273,-0.274472,11.996522,-18.560288,8,"SoI = c3s(m)
Noise = NOIZEUS car",500
"phonememohammadiaOnline","phonememohammadiaOnline_999ph00dB.wav",0,NA,2.492965,-0.243799,15.485438,-12.004491,8,"SoI = c3s(m)
Noise = NOIZEUS car",999
"phonememohammadiaOnline","phonememohammadiaOnline_999ph03dB.wav",3,NA,2.649481,-0.248119,15.305235,-13.844752,8,"SoI = c3s(m)
Noise = NOIZEUS car",999
"phonememohammadiaOnline","phonememohammadiaOnline_999ph06dB.wav",6,NA,2.776862,-0.276884,12.879856,-17.676954,8,"SoI = c3s(m)
Noise = NOIZEUS car",999
"phonememohammadiaSupervised","phonememohammadiaSupervised_001ph00dB.wav",0,NA,2.456078,-0.280687,11.092312,-16.397617,8,"SoI = c3s(m)
Noise = NOIZEUS car",1
"phonememohammadiaSupervised","phonememohammadiaSupervised_001ph03dB.wav",3,NA,2.596064,-0.301537,18.254505,-10.895482,8,"SoI = c3s(m)
Noise = NOIZEUS car",1
"phonememohammadiaSupervised","phonememohammadiaSupervised_001ph06dB.wav",6,NA,2.737499,-0.316247,12.104022,-18.452788,8,"SoI = c3s(m)
Noise = NOIZEUS car",1
"phonememohammadiaSupervised","phonememohammadiaSupervised_005ph00dB.wav",0,NA,2.457236,-0.279529,12.951458,-14.538471,8,"SoI = c3s(m)
Noise = NOIZEUS car",5
"phonememohammadiaSupervised","phonememohammadiaSupervised_005ph03dB.wav",3,NA,2.6136,-0.284,11.668162,-17.481825,8,"SoI = c3s(m)
Noise = NOIZEUS car",5
"phonememohammadiaSupervised","phonememohammadiaSupervised_005ph06dB.wav",6,NA,2.765894,-0.287852,13.345609,-17.211201,8,"SoI = c3s(m)
Noise = NOIZEUS car",5
"phonememohammadiaSupervised","phonememohammadiaSupervised_010ph00dB.wav",0,NA,2.450789,-0.285975,12.85603,-14.633899,8,"SoI = c3s(m)
Noise = NOIZEUS car",10
"phonememohammadiaSupervised","phonememohammadiaSupervised_010ph03dB.wav",3,NA,2.612179,-0.285421,12.633597,-16.516391,8,"SoI = c3s(m)
Noise = NOIZEUS car",10
"phonememohammadiaSupervised","phonememohammadiaSupervised_010ph06dB.wav",6,NA,2.766191,-0.287555,12.878615,-17.678195,8,"SoI = c3s(m)
Noise = NOIZEUS car",10
"phonememohammadiaSupervised","phonememohammadiaSupervised_050ph00dB.wav",0,NA,2.425175,-0.311589,12.380476,-15.109453,8,"SoI = c3s(m)
Noise = NOIZEUS car",50
"phonememohammadiaSupervised","phonememohammadiaSupervised_050ph03dB.wav",3,NA,2.625713,-0.271888,11.702859,-17.447128,8,"SoI = c3s(m)
Noise = NOIZEUS car",50
"phonememohammadiaSupervised","phonememohammadiaSupervised_050ph06dB.wav",6,NA,2.756042,-0.297703,12.551643,-18.005167,8,"SoI = c3s(m)
Noise = NOIZEUS car",50
"phonememohammadiaSupervised","phonememohammadiaSupervised_100ph00dB.wav",0,NA,2.450669,-0.286095,12.263079,-15.22685,8,"SoI = c3s(m)
Noise = NOIZEUS car",100
"phonememohammadiaSupervised","phonememohammadiaSupervised_100ph03dB.wav",3,NA,2.61751,-0.28009,12.45607,-16.693917,8,"SoI = c3s(m)
Noise = NOIZEUS car",100
"phonememohammadiaSupervised","phonememohammadiaSupervised_100ph06dB.wav",6,NA,2.755504,-0.298241,12.438313,-18.118496,8,"SoI = c3s(m)
Noise = NOIZEUS car",100
"phonememohammadiaSupervised","phonememohammadiaSupervised_500ph00dB.wav",0,NA,2.45293,-0.283834,12.314853,-15.175076,8,"SoI = c3s(m)
Noise = NOIZEUS car",500
"phonememohammadiaSupervised","phonememohammadiaSupervised_500ph03dB.wav",3,NA,2.628857,-0.268743,12.490441,-16.659546,8,"SoI = c3s(m)
Noise = NOIZEUS car",500
"phonememohammadiaSupervised","phonememohammadiaSupervised_500ph06dB.wav",6,NA,2.777305,-0.27644,12.530651,-18.026159,8,"SoI = c3s(m)
Noise = NOIZEUS car",500
"phonememohammadiaSupervised","phonememohammadiaSupervised_999ph00dB.wav",0,NA,2.433205,-0.303559,12.171638,-15.318291,8,"SoI = c3s(m)
Noise = NOIZEUS car",999
"phonememohammadiaSupervised","phonememohammadiaSupervised_999ph03dB.wav",3,NA,2.637683,-0.259918,11.799225,-17.350762,8,"SoI = c3s(m)
Noise = NOIZEUS car",999
"phonememohammadiaSupervised","phonememohammadiaSupervised_999ph06dB.wav",6,NA,2.777981,-0.275765,12.5646,-17.99221,8,"SoI = c3s(m)
Noise = NOIZEUS car",999
"mohammadiaOnline","mohammadiaOnline_003ut-3dB.wav",-3,3,2.025778,-0.021293,4.338173,1.6,9,"SoI = c3s(m)
Noise = NOIZEUS babble",NA
"mohammadiaOnline","mohammadiaOnline_003ut-6dB.wav",-6,3,1.815713,-0.034294,6.293583,6.39,9,"SoI = c3s(m)
Noise = NOIZEUS babble",NA
"mohammadiaOnline","mohammadiaOnline_003ut00dB.wav",0,3,2.208914,0.019822,4.756576,-0.32,9,"SoI = c3s(m)
Noise = NOIZEUS babble",NA
"mohammadiaOnline","mohammadiaOnline_003ut03dB.wav",3,3,2.439477,0.099171,7.543934,-0.078,9,"SoI = c3s(m)
Noise = NOIZEUS babble",NA
"mohammadiaOnline","mohammadiaOnline_003ut06dB.wav",6,3,2.64937,0.142345,9.290501,-1.32,9,"SoI = c3s(m)
Noise = NOIZEUS babble",NA
"mohammadiaSupervised","mohammadiaSupervised_003ut-3dB.wav",-3,3,1.89148,-0.15559,8.275421,5.54,9,"SoI = c3s(m)
Noise = NOIZEUS babble",NA
"mohammadiaSupervised","mohammadiaSupervised_003ut-6dB.wav",-6,3,1.806349,-0.043657,8.750162,8.85,9,"SoI = c3s(m)
Noise = NOIZEUS babble",NA
"mohammadiaSupervised","mohammadiaSupervised_003ut00dB.wav",0,3,2.030407,-0.158686,11.091285,6.01,9,"SoI = c3s(m)
Noise = NOIZEUS babble",NA
"mohammadiaSupervised","mohammadiaSupervised_003ut03dB.wav",3,3,2.228944,-0.111362,7.069979,-0.552,9,"SoI = c3s(m)
Noise = NOIZEUS babble",NA
"mohammadiaSupervised","mohammadiaSupervised_003ut06dB.wav",6,3,2.352397,-0.154628,10.209771,-0.4,9,"SoI = c3s(m)
Noise = NOIZEUS babble",NA
"phonememohammadiaOnline","phonememohammadiaOnline_001ph-3dB.wav",-3,NA,2.023388,-0.023682,11.007777,8.27,9,"SoI = c3s(m)
Noise = NOIZEUS babble",1
"phonememohammadiaOnline","phonememohammadiaOnline_001ph-6dB.wav",-6,NA,1.795554,-0.054452,9.069818,9.17,9,"SoI = c3s(m)
Noise = NOIZEUS babble",1
"phonememohammadiaOnline","phonememohammadiaOnline_001ph00dB.wav",0,NA,2.25729,0.068198,11.130373,6.05,9,"SoI = c3s(m)
Noise = NOIZEUS babble",1
"phonememohammadiaOnline","phonememohammadiaOnline_001ph03dB.wav",3,NA,2.464749,0.124444,12.367924,4.75,9,"SoI = c3s(m)
Noise = NOIZEUS babble",1
"phonememohammadiaOnline","phonememohammadiaOnline_001ph06dB.wav",6,NA,2.667607,0.160582,13.110855,2.5,9,"SoI = c3s(m)
Noise = NOIZEUS babble",1
"phonememohammadiaOnline","phonememohammadiaOnline_005ph-3dB.wav",-3,NA,2.0257,-0.02137,10.953675,8.22,9,"SoI = c3s(m)
Noise = NOIZEUS babble",5
"phonememohammadiaOnline","phonememohammadiaOnline_005ph-6dB.wav",-6,NA,1.786584,-0.063423,8.564539,8.66,9,"SoI = c3s(m)
Noise = NOIZEUS babble",5
"phonememohammadiaOnline","phonememohammadiaOnline_005ph00dB.wav",0,NA,2.242685,0.053592,10.030807,4.95,9,"SoI = c3s(m)
Noise = NOIZEUS babble",5
"phonememohammadiaOnline","phonememohammadiaOnline_005ph03dB.wav",3,NA,2.455741,0.115436,12.288025,4.67,9,"SoI = c3s(m)
Noise = NOIZEUS babble",5
"phonememohammadiaOnline","phonememohammadiaOnline_005ph06dB.wav",6,NA,2.68268,0.175655,11.868509,1.26,9,"SoI = c3s(m)
Noise = NOIZEUS babble",5
"phonememohammadiaOnline","phonememohammadiaOnline_010ph-3dB.wav",-3,NA,2.037222,-0.009848,11.184674,8.45,9,"SoI = c3s(m)
Noise = NOIZEUS babble",10
"phonememohammadiaOnline","phonememohammadiaOnline_010ph-6dB.wav",-6,NA,1.787355,-0.062651,8.441342,8.54,9,"SoI = c3s(m)
Noise = NOIZEUS babble",10
"phonememohammadiaOnline","phonememohammadiaOnline_010ph00dB.wav",0,NA,2.239643,0.050551,10.092529,5.02,9,"SoI = c3s(m)
Noise = NOIZEUS babble",10
"phonememohammadiaOnline","phonememohammadiaOnline_010ph03dB.wav",3,NA,2.452064,0.111759,13.253059,5.63,9,"SoI = c3s(m)
Noise = NOIZEUS babble",10
"phonememohammadiaOnline","phonememohammadiaOnline_010ph06dB.wav",6,NA,2.683557,0.176532,13.500806,2.89,9,"SoI = c3s(m)
Noise = NOIZEUS babble",10
"phonememohammadiaOnline","phonememohammadiaOnline_050ph-3dB.wav",-3,NA,2.031172,-0.015899,9.791159,7.06,9,"SoI = c3s(m)
Noise = NOIZEUS babble",50
"phonememohammadiaOnline","phonememohammadiaOnline_050ph-6dB.wav",-6,NA,1.791158,-0.058848,6.310561,6.41,9,"SoI = c3s(m)
Noise = NOIZEUS babble",50
"phonememohammadiaOnline","phonememohammadiaOnline_050ph00dB.wav",0,NA,2.26053,0.071437,9.856024,4.78,9,"SoI = c3s(m)
Noise = NOIZEUS babble",50
"phonememohammadiaOnline","phonememohammadiaOnline_050ph03dB.wav",3,NA,2.46576,0.125455,10.913598,3.29,9,"SoI = c3s(m)
Noise = NOIZEUS babble",50
"phonememohammadiaOnline","phonememohammadiaOnline_050ph06dB.wav",6,NA,2.674156,0.167131,13.350965,2.74,9,"SoI = c3s(m)
Noise = NOIZEUS babble",50
"phonememohammadiaOnline","phonememohammadiaOnline_100ph-3dB.wav",-3,NA,2.015618,-0.031453,10.768289,8.03,9,"SoI = c3s(m)
Noise = NOIZEUS babble",100
"phonememohammadiaOnline","phonememohammadiaOnline_100ph-6dB.wav",-6,NA,1.786903,-0.063103,8.329915,8.43,9,"SoI = c3s(m)
Noise = NOIZEUS babble",100
"phonememohammadiaOnline","phonememohammadiaOnline_100ph00dB.wav",0,NA,2.256456,0.067363,9.877322,4.8,9,"SoI = c3s(m)
Noise = NOIZEUS babble",100
"phonememohammadiaOnline","phonememohammadiaOnline_100ph03dB.wav",3,NA,2.477437,0.137132,13.03526,5.41,9,"SoI = c3s(m)
Noise = NOIZEUS babble",100
"phonememohammadiaOnline","phonememohammadiaOnline_100ph06dB.wav",6,NA,2.681574,0.174549,12.813763,2.2,9,"SoI = c3s(m)
Noise = NOIZEUS babble",100
"phonememohammadiaOnline","phonememohammadiaOnline_500ph-3dB.wav",-3,NA,2.041875,-0.005195,9.18303,6.45,9,"SoI = c3s(m)
Noise = NOIZEUS babble",500
"phonememohammadiaOnline","phonememohammadiaOnline_500ph-6dB.wav",-6,NA,1.792775,-0.057232,6.406213,6.5,9,"SoI = c3s(m)
Noise = NOIZEUS babble",500
"phonememohammadiaOnline","phonememohammadiaOnline_500ph00dB.wav",0,NA,2.276585,0.087493,10.92804,5.85,9,"SoI = c3s(m)
Noise = NOIZEUS babble",500
"phonememohammadiaOnline","phonememohammadiaOnline_500ph03dB.wav",3,NA,2.482905,0.1426,12.046326,4.42,9,"SoI = c3s(m)
Noise = NOIZEUS babble",500
"phonememohammadiaOnline","phonememohammadiaOnline_500ph06dB.wav",6,NA,2.688245,0.18122,13.177159,2.57,9,"SoI = c3s(m)
Noise = NOIZEUS babble",500
"phonememohammadiaSupervised","phonememohammadiaSupervised_001ph-3dB.wav",-3,NA,1.953042,-0.094029,12.506809,9.77,9,"SoI = c3s(m)
Noise = NOIZEUS babble",1
"phonememohammadiaSupervised","phonememohammadiaSupervised_001ph-6dB.wav",-6,NA,1.779907,-0.0701,11.156589,11.3,9,"SoI = c3s(m)
Noise = NOIZEUS babble",1
"phonememohammadiaSupervised","phonememohammadiaSupervised_001ph00dB.wav",0,NA,2.079655,-0.109438,13.000492,7.92,9,"SoI = c3s(m)
Noise = NOIZEUS babble",1
"phonememohammadiaSupervised","phonememohammadiaSupervised_001ph03dB.wav",3,NA,2.250911,-0.089395,12.303366,4.68,9,"SoI = c3s(m)
Noise = NOIZEUS babble",1
"phonememohammadiaSupervised","phonememohammadiaSupervised_001ph06dB.wav",6,NA,2.396617,-0.110408,15.406961,4.8,9,"SoI = c3s(m)
Noise = NOIZEUS babble",1
"phonememohammadiaSupervised","phonememohammadiaSupervised_005ph-3dB.wav",-3,NA,1.950949,-0.096121,10.351657,7.62,9,"SoI = c3s(m)
Noise = NOIZEUS babble",5
"phonememohammadiaSupervised","phonememohammadiaSupervised_005ph-6dB.wav",-6,NA,1.760466,-0.089541,10.53361,10.6,9,"SoI = c3s(m)
Noise = NOIZEUS babble",5
"phonememohammadiaSupervised","phonememohammadiaSupervised_005ph00dB.wav",0,NA,2.137828,-0.051265,14.052343,8.98,9,"SoI = c3s(m)
Noise = NOIZEUS babble",5
"phonememohammadiaSupervised","phonememohammadiaSupervised_005ph03dB.wav",3,NA,2.288805,-0.0515,13.888092,6.27,9,"SoI = c3s(m)
Noise = NOIZEUS babble",5
"phonememohammadiaSupervised","phonememohammadiaSupervised_005ph06dB.wav",6,NA,2.427746,-0.079279,15.309988,4.7,9,"SoI = c3s(m)
Noise = NOIZEUS babble",5
"phonememohammadiaSupervised","phonememohammadiaSupervised_010ph-3dB.wav",-3,NA,1.974712,-0.072358,12.868637,10.1,9,"SoI = c3s(m)
Noise = NOIZEUS babble",10
"phonememohammadiaSupervised","phonememohammadiaSupervised_010ph-6dB.wav",-6,NA,1.804005,-0.046002,9.25912,9.35,9,"SoI = c3s(m)
Noise = NOIZEUS babble",10
"phonememohammadiaSupervised","phonememohammadiaSupervised_010ph00dB.wav",0,NA,2.098803,-0.09029,13.796396,8.72,9,"SoI = c3s(m)
Noise = NOIZEUS babble",10
"phonememohammadiaSupervised","phonememohammadiaSupervised_010ph03dB.wav",3,NA,2.301801,-0.038504,15.223981,7.6,9,"SoI = c3s(m)
Noise = NOIZEUS babble",10
"phonememohammadiaSupervised","phonememohammadiaSupervised_010ph06dB.wav",6,NA,2.437546,-0.069479,16.094511,5.49,9,"SoI = c3s(m)
Noise = NOIZEUS babble",10
"phonememohammadiaSupervised","phonememohammadiaSupervised_050ph-3dB.wav",-3,NA,1.948223,-0.098848,11.719763,8.98,9,"SoI = c3s(m)
Noise = NOIZEUS babble",50
"phonememohammadiaSupervised","phonememohammadiaSupervised_050ph-6dB.wav",-6,NA,1.741379,-0.108628,10.475154,10.6,9,"SoI = c3s(m)
Noise = NOIZEUS babble",50
"phonememohammadiaSupervised","phonememohammadiaSupervised_050ph00dB.wav",0,NA,2.124135,-0.064958,14.102353,9.03,9,"SoI = c3s(m)
Noise = NOIZEUS babble",50
"phonememohammadiaSupervised","phonememohammadiaSupervised_050ph03dB.wav",3,NA,2.306246,-0.034059,15.441657,7.82,9,"SoI = c3s(m)
Noise = NOIZEUS babble",50
"phonememohammadiaSupervised","phonememohammadiaSupervised_050ph06dB.wav",6,NA,2.468297,-0.038728,14.761546,4.15,9,"SoI = c3s(m)
Noise = NOIZEUS babble",50
"phonememohammadiaSupervised","phonememohammadiaSupervised_100ph-3dB.wav",-3,NA,1.943519,-0.103551,11.799475,9.06,9,"SoI = c3s(m)
Noise = NOIZEUS babble",100
"phonememohammadiaSupervised","phonememohammadiaSupervised_100ph-6dB.wav",-6,NA,1.840942,-0.009064,10.789749,10.9,9,"SoI = c3s(m)
Noise = NOIZEUS babble",100
"phonememohammadiaSupervised","phonememohammadiaSupervised_100ph00dB.wav",0,NA,2.150322,-0.03877,11.995118,6.92,9,"SoI = c3s(m)
Noise = NOIZEUS babble",100
"phonememohammadiaSupervised","phonememohammadiaSupervised_100ph03dB.wav",3,NA,2.300098,-0.040207,13.753987,6.13,9,"SoI = c3s(m)
Noise = NOIZEUS babble",100
"phonememohammadiaSupervised","phonememohammadiaSupervised_100ph06dB.wav",6,NA,2.513842,0.006817,14.923248,4.31,9,"SoI = c3s(m)
Noise = NOIZEUS babble",100
"phonememohammadiaSupervised","phonememohammadiaSupervised_500ph-3dB.wav",-3,NA,1.939838,-0.107232,12.171528,9.44,9,"SoI = c3s(m)
Noise = NOIZEUS babble",500
"phonememohammadiaSupervised","phonememohammadiaSupervised_500ph-6dB.wav",-6,NA,1.816523,-0.033483,10.705256,10.8,9,"SoI = c3s(m)
Noise = NOIZEUS babble",500
"phonememohammadiaSupervised","phonememohammadiaSupervised_500ph00dB.wav",0,NA,2.097105,-0.091988,14.350737,9.27,9,"SoI = c3s(m)
Noise = NOIZEUS babble",500
"phonememohammadiaSupervised","phonememohammadiaSupervised_500ph03dB.wav",3,NA,2.300426,-0.039879,15.18932,7.57,9,"SoI = c3s(m)
Noise = NOIZEUS babble",500
"phonememohammadiaSupervised","phonememohammadiaSupervised_500ph06dB.wav",6,NA,2.385455,-0.12157,14.558885,3.95,9,"SoI = c3s(m)
Noise = NOIZEUS babble",500
"mohammadiaOnline","mohammadiaOnline_003ut-3dB.wav",-3,3,1.813995,0.033171,4.204728,5.59,10,"SoI = c3s(m)
Noise = NOIZEUS street",NA
"mohammadiaOnline","mohammadiaOnline_003ut-6dB.wav",-6,3,1.593221,-0.29638,4.06607,10.8,10,"SoI = c3s(m)
Noise = NOIZEUS street",NA
"mohammadiaOnline","mohammadiaOnline_003ut00dB.wav",0,3,2.019694,0.117329,7.587526,8.52,10,"SoI = c3s(m)
Noise = NOIZEUS street",NA
"mohammadiaOnline","mohammadiaOnline_003ut03dB.wav",3,3,2.235355,0.188284,6.013894,5.53,10,"SoI = c3s(m)
Noise = NOIZEUS street",NA
"mohammadiaOnline","mohammadiaOnline_003ut06dB.wav",6,3,2.453709,0.249272,8.549452,5.47,10,"SoI = c3s(m)
Noise = NOIZEUS street",NA
"mohammadiaSupervised","mohammadiaSupervised_003ut-3dB.wav",-3,3,1.76025,-0.020574,9.983015,11.4,10,"SoI = c3s(m)
Noise = NOIZEUS street",NA
"mohammadiaSupervised","mohammadiaSupervised_003ut-6dB.wav",-6,3,1.52988,-0.359721,-3.214439,3.56,10,"SoI = c3s(m)
Noise = NOIZEUS street",NA
"mohammadiaSupervised","mohammadiaSupervised_003ut00dB.wav",0,3,1.948155,0.04579,11.286106,12.2,10,"SoI = c3s(m)
Noise = NOIZEUS street",NA
"mohammadiaSupervised","mohammadiaSupervised_003ut03dB.wav",3,3,2.154037,0.106966,13.25287,12.8,10,"SoI = c3s(m)
Noise = NOIZEUS street",NA
"mohammadiaSupervised","mohammadiaSupervised_003ut06dB.wav",6,3,2.36166,0.157223,10.46217,7.38,10,"SoI = c3s(m)
Noise = NOIZEUS street",NA
"phonememohammadiaOnline","phonememohammadiaOnline_001ph-3dB.wav",-3,NA,1.663277,-0.117547,-0.665728,0.723,10,"SoI = c3s(m)
Noise = NOIZEUS street",1
"phonememohammadiaOnline","phonememohammadiaOnline_001ph-6dB.wav",-6,NA,1.461892,-0.427709,-1.772991,5,10,"SoI = c3s(m)
Noise = NOIZEUS street",1
"phonememohammadiaOnline","phonememohammadiaOnline_001ph00dB.wav",0,NA,1.921856,0.019491,2.96362,3.9,10,"SoI = c3s(m)
Noise = NOIZEUS street",1
"phonememohammadiaOnline","phonememohammadiaOnline_001ph03dB.wav",3,NA,2.121852,0.074781,7.996957,7.51,10,"SoI = c3s(m)
Noise = NOIZEUS street",1
"phonememohammadiaOnline","phonememohammadiaOnline_001ph06dB.wav",6,NA,2.332814,0.128377,10.166282,7.09,10,"SoI = c3s(m)
Noise = NOIZEUS street",1
"phonememohammadiaOnline","phonememohammadiaOnline_005ph-3dB.wav",-3,NA,1.668117,-0.112707,1.749575,3.14,10,"SoI = c3s(m)
Noise = NOIZEUS street",5
"phonememohammadiaOnline","phonememohammadiaOnline_005ph-6dB.wav",-6,NA,1.434744,-0.454857,-2.953902,3.82,10,"SoI = c3s(m)
Noise = NOIZEUS street",5
"phonememohammadiaOnline","phonememohammadiaOnline_005ph00dB.wav",0,NA,1.917911,0.015546,3.954363,4.89,10,"SoI = c3s(m)
Noise = NOIZEUS street",5
"phonememohammadiaOnline","phonememohammadiaOnline_005ph03dB.wav",3,NA,2.124443,0.077372,5.388939,4.91,10,"SoI = c3s(m)
Noise = NOIZEUS street",5
"phonememohammadiaOnline","phonememohammadiaOnline_005ph06dB.wav",6,NA,2.320656,0.116219,8.419837,5.34,10,"SoI = c3s(m)
Noise = NOIZEUS street",5
"phonememohammadiaOnline","phonememohammadiaOnline_010ph-3dB.wav",-3,NA,1.648251,-0.132572,4.161064,5.55,10,"SoI = c3s(m)
Noise = NOIZEUS street",10
"phonememohammadiaOnline","phonememohammadiaOnline_010ph-6dB.wav",-6,NA,1.447605,-0.441996,-4.332988,2.44,10,"SoI = c3s(m)
Noise = NOIZEUS street",10
"phonememohammadiaOnline","phonememohammadiaOnline_010ph00dB.wav",0,NA,1.885994,-0.016371,5.605143,6.54,10,"SoI = c3s(m)
Noise = NOIZEUS street",10
"phonememohammadiaOnline","phonememohammadiaOnline_010ph03dB.wav",3,NA,2.121865,0.074794,6.406143,5.92,10,"SoI = c3s(m)
Noise = NOIZEUS street",10
"phonememohammadiaOnline","phonememohammadiaOnline_010ph06dB.wav",6,NA,2.308551,0.104114,10.192153,7.11,10,"SoI = c3s(m)
Noise = NOIZEUS street",10
"phonememohammadiaOnline","phonememohammadiaOnline_050ph-3dB.wav",-3,NA,1.652192,-0.128631,3.996528,5.39,10,"SoI = c3s(m)
Noise = NOIZEUS street",50
"phonememohammadiaOnline","phonememohammadiaOnline_050ph-6dB.wav",-6,NA,1.447257,-0.442344,-4.381291,2.39,10,"SoI = c3s(m)
Noise = NOIZEUS street",50
"phonememohammadiaOnline","phonememohammadiaOnline_050ph00dB.wav",0,NA,1.910373,0.008008,3.159218,4.09,10,"SoI = c3s(m)
Noise = NOIZEUS street",50
"phonememohammadiaOnline","phonememohammadiaOnline_050ph03dB.wav",3,NA,2.119332,0.07226,7.275501,6.79,10,"SoI = c3s(m)
Noise = NOIZEUS street",50
"phonememohammadiaOnline","phonememohammadiaOnline_050ph06dB.wav",6,NA,2.320822,0.116385,9.992984,6.91,10,"SoI = c3s(m)
Noise = NOIZEUS street",50
"phonememohammadiaOnline","phonememohammadiaOnline_100ph-3dB.wav",-3,NA,1.656635,-0.124188,1.899005,3.29,10,"SoI = c3s(m)
Noise = NOIZEUS street",100
"phonememohammadiaOnline","phonememohammadiaOnline_100ph-6dB.wav",-6,NA,1.417859,-0.471742,-4.331263,2.44,10,"SoI = c3s(m)
Noise = NOIZEUS street",100
"phonememohammadiaOnline","phonememohammadiaOnline_100ph00dB.wav",0,NA,1.89788,-0.004485,3.309093,4.24,10,"SoI = c3s(m)
Noise = NOIZEUS street",100
"phonememohammadiaOnline","phonememohammadiaOnline_100ph03dB.wav",3,NA,2.129789,0.082718,6.591458,6.11,10,"SoI = c3s(m)
Noise = NOIZEUS street",100
"phonememohammadiaOnline","phonememohammadiaOnline_100ph06dB.wav",6,NA,2.312866,0.108429,10.01756,6.94,10,"SoI = c3s(m)
Noise = NOIZEUS street",100
"phonememohammadiaOnline","phonememohammadiaOnline_500ph-3dB.wav",-3,NA,1.640638,-0.140185,4.189818,5.58,10,"SoI = c3s(m)
Noise = NOIZEUS street",500
"phonememohammadiaOnline","phonememohammadiaOnline_500ph-6dB.wav",-6,NA,1.424302,-0.4653,-4.094061,2.68,10,"SoI = c3s(m)
Noise = NOIZEUS street",500
"phonememohammadiaOnline","phonememohammadiaOnline_500ph00dB.wav",0,NA,1.905761,0.003395,4.079138,5.01,10,"SoI = c3s(m)
Noise = NOIZEUS street",500
"phonememohammadiaOnline","phonememohammadiaOnline_500ph03dB.wav",3,NA,2.147389,0.100318,6.446316,5.96,10,"SoI = c3s(m)
Noise = NOIZEUS street",500
"phonememohammadiaOnline","phonememohammadiaOnline_500ph06dB.wav",6,NA,2.34071,0.136273,8.588574,5.51,10,"SoI = c3s(m)
Noise = NOIZEUS street",500
"phonememohammadiaSupervised","phonememohammadiaSupervised_001ph-3dB.wav",-3,NA,1.813053,0.03223,6.973976,8.36,10,"SoI = c3s(m)
Noise = NOIZEUS street",1
"phonememohammadiaSupervised","phonememohammadiaSupervised_001ph-6dB.wav",-6,NA,1.647942,-0.241659,5.249324,12,10,"SoI = c3s(m)
Noise = NOIZEUS street",1
"phonememohammadiaSupervised","phonememohammadiaSupervised_001ph00dB.wav",0,NA,1.850158,-0.052207,6.555623,7.49,10,"SoI = c3s(m)
Noise = NOIZEUS street",1
"phonememohammadiaSupervised","phonememohammadiaSupervised_001ph03dB.wav",3,NA,2.016107,-0.030964,11.856076,11.4,10,"SoI = c3s(m)
Noise = NOIZEUS street",1
"phonememohammadiaSupervised","phonememohammadiaSupervised_001ph06dB.wav",6,NA,2.238744,0.034307,11.807413,8.73,10,"SoI = c3s(m)
Noise = NOIZEUS street",1
"phonememohammadiaSupervised","phonememohammadiaSupervised_005ph-3dB.wav",-3,NA,1.71108,-0.069744,5.381529,6.77,10,"SoI = c3s(m)
Noise = NOIZEUS street",5
"phonememohammadiaSupervised","phonememohammadiaSupervised_005ph-6dB.wav",-6,NA,1.63009,-0.259511,4.714525,11.5,10,"SoI = c3s(m)
Noise = NOIZEUS street",5
"phonememohammadiaSupervised","phonememohammadiaSupervised_005ph00dB.wav",0,NA,1.875337,-0.027028,10.391181,11.3,10,"SoI = c3s(m)
Noise = NOIZEUS street",5
"phonememohammadiaSupervised","phonememohammadiaSupervised_005ph03dB.wav",3,NA,2.057982,0.010911,11.404358,10.9,10,"SoI = c3s(m)
Noise = NOIZEUS street",5
"phonememohammadiaSupervised","phonememohammadiaSupervised_005ph06dB.wav",6,NA,2.237939,0.033502,11.832954,8.75,10,"SoI = c3s(m)
Noise = NOIZEUS street",5
"phonememohammadiaSupervised","phonememohammadiaSupervised_010ph-3dB.wav",-3,NA,1.647477,-0.133346,7.062383,8.45,10,"SoI = c3s(m)
Noise = NOIZEUS street",10
"phonememohammadiaSupervised","phonememohammadiaSupervised_010ph-6dB.wav",-6,NA,1.567015,-0.322586,5.418693,12.2,10,"SoI = c3s(m)
Noise = NOIZEUS street",10
"phonememohammadiaSupervised","phonememohammadiaSupervised_010ph00dB.wav",0,NA,1.829592,-0.072774,9.945392,10.9,10,"SoI = c3s(m)
Noise = NOIZEUS street",10
"phonememohammadiaSupervised","phonememohammadiaSupervised_010ph03dB.wav",3,NA,2.047033,-3.8e-05,12.583793,12.1,10,"SoI = c3s(m)
Noise = NOIZEUS street",10
"phonememohammadiaSupervised","phonememohammadiaSupervised_010ph06dB.wav",6,NA,2.226405,0.021969,14.69574,11.6,10,"SoI = c3s(m)
Noise = NOIZEUS street",10
"phonememohammadiaSupervised","phonememohammadiaSupervised_050ph-3dB.wav",-3,NA,1.664118,-0.116705,7.337079,8.73,10,"SoI = c3s(m)
Noise = NOIZEUS street",50
"phonememohammadiaSupervised","phonememohammadiaSupervised_050ph-6dB.wav",-6,NA,1.674314,-0.215287,5.680519,12.5,10,"SoI = c3s(m)
Noise = NOIZEUS street",50
"phonememohammadiaSupervised","phonememohammadiaSupervised_050ph00dB.wav",0,NA,1.859349,-0.043016,10.635366,11.6,10,"SoI = c3s(m)
Noise = NOIZEUS street",50
"phonememohammadiaSupervised","phonememohammadiaSupervised_050ph03dB.wav",3,NA,2.029243,-0.017828,12.500419,12,10,"SoI = c3s(m)
Noise = NOIZEUS street",50
"phonememohammadiaSupervised","phonememohammadiaSupervised_050ph06dB.wav",6,NA,2.265873,0.061436,14.370759,11.3,10,"SoI = c3s(m)
Noise = NOIZEUS street",50
"phonememohammadiaSupervised","phonememohammadiaSupervised_100ph-3dB.wav",-3,NA,1.690691,-0.090133,7.745542,9.13,10,"SoI = c3s(m)
Noise = NOIZEUS street",100
"phonememohammadiaSupervised","phonememohammadiaSupervised_100ph-6dB.wav",-6,NA,1.563279,-0.326323,4.96125,11.7,10,"SoI = c3s(m)
Noise = NOIZEUS street",100
"phonememohammadiaSupervised","phonememohammadiaSupervised_100ph00dB.wav",0,NA,1.845835,-0.05653,10.394614,11.3,10,"SoI = c3s(m)
Noise = NOIZEUS street",100
"phonememohammadiaSupervised","phonememohammadiaSupervised_100ph03dB.wav",3,NA,2.032581,-0.01449,12.083466,11.6,10,"SoI = c3s(m)
Noise = NOIZEUS street",100
"phonememohammadiaSupervised","phonememohammadiaSupervised_100ph06dB.wav",6,NA,2.208843,0.004406,13.279834,10.2,10,"SoI = c3s(m)
Noise = NOIZEUS street",100
"phonememohammadiaSupervised","phonememohammadiaSupervised_500ph-3dB.wav",-3,NA,1.653362,-0.127461,7.418545,8.81,10,"SoI = c3s(m)
Noise = NOIZEUS street",500
"phonememohammadiaSupervised","phonememohammadiaSupervised_500ph-6dB.wav",-6,NA,1.627053,-0.262548,4.998565,11.8,10,"SoI = c3s(m)
Noise = NOIZEUS street",500
"phonememohammadiaSupervised","phonememohammadiaSupervised_500ph00dB.wav",0,NA,1.842879,-0.059486,9.773481,10.7,10,"SoI = c3s(m)
Noise = NOIZEUS street",500
"phonememohammadiaSupervised","phonememohammadiaSupervised_500ph03dB.wav",3,NA,2.024275,-0.022797,11.440621,11,10,"SoI = c3s(m)
Noise = NOIZEUS street",500
"phonememohammadiaSupervised","phonememohammadiaSupervised_500ph06dB.wav",6,NA,2.245287,0.04085,13.454244,10.4,10,"SoI = c3s(m)
Noise = NOIZEUS street",500
