ID,testNo,Input.SNR,algorithm,utterances/phns,MOS,MOSle,MOSlp,CCRtest,10,0,MMSE,1,45,45,45,45test,10,6,MMSE,1,45,45,45,45test,10,0,IDBM,1,45,45,45,45test,10,6,IDBM,1,45,45,45,45test,10,0,MMSE,5,2,3,45,1test,10,6,MMSE,5,2,3,45,1test,10,0,IDBM,5,1,2,45,-3test,10,6,IDBM,5,2,3,45,1test,10,0,MMSE,80,45,45,45,45test,10,6,MMSE,80,45,45,45,45test,10,0,IDBM,80,45,45,45,45test,10,6,IDBM,80,45,45,45,45RG1,5,0,MMSE,1,45,45,45,45RG1,7,0,MMSE,1,45,45,45,45RG1,8,0,MMSE,1,45,45,45,45RG1,9,0,MMSE,1,45,45,45,45RG1,10,0,MMSE,1,45,45,45,45RG1,5,6,MMSE,1,45,45,45,45RG1,7,6,MMSE,1,45,45,45,45RG1,8,6,MMSE,1,45,45,45,45RG1,9,6,MMSE,1,45,45,45,45RG1,10,6,MMSE,1,45,45,45,45RG1,5,0,IDBM,1,45,45,45,45RG1,7,0,IDBM,1,45,45,45,45RG1,8,0,IDBM,1,45,45,45,45RG1,9,0,IDBM,1,45,45,45,45RG1,10,0,IDBM,1,45,45,45,45RG1,5,6,IDBM,1,45,45,45,45RG1,7,6,IDBM,1,45,45,45,45RG1,8,6,IDBM,1,45,45,45,45RG1,9,6,IDBM,1,45,45,45,45RG1,10,6,IDBM,1,45,45,45,45RG1,5,0,phonemeMMSE,1,45,45,45,45RG1,7,0,phonemeMMSE,1,45,45,45,45RG1,8,0,phonemeMMSE,1,45,45,45,45RG1,9,0,phonemeMMSE,1,45,45,45,45RG1,10,0,phonemeMMSE,1,45,45,45,45RG1,5,6,phonemeMMSE,1,45,45,45,45RG1,7,6,phonemeMMSE,1,45,45,45,45RG1,8,6,phonemeMMSE,1,45,45,45,45RG1,9,6,phonemeMMSE,1,45,45,45,45RG1,10,6,phonemeMMSE,1,45,45,45,45RG1,5,0,phonemeIDBM,1,45,45,45,45RG1,7,0,phonemeIDBM,1,45,45,45,45RG1,8,0,phonemeIDBM,1,45,45,45,45RG1,9,0,phonemeIDBM,1,45,45,45,45RG1,10,0,phonemeIDBM,1,45,45,45,45RG1,5,6,phonemeIDBM,1,45,45,45,45RG1,7,6,phonemeIDBM,1,45,45,45,45RG1,8,6,phonemeIDBM,1,45,45,45,45RG1,9,6,phonemeIDBM,1,45,45,45,45RG1,10,6,phonemeIDBM,1,45,45,45,45RG1,5,0,phonememohammadiaSupervised,1,45,45,45,45RG1,7,0,phonememohammadiaSupervised,1,1,1,45,-3RG1,8,0,phonememohammadiaSupervised,1,2,2,45,-2RG1,9,0,phonememohammadiaSupervised,1,3,3,45,2RG1,10,0,phonememohammadiaSupervised,1,3,3,45,1RG1,5,6,phonememohammadiaSupervised,1,45,45,45,45RG1,7,6,phonememohammadiaSupervised,1,2,2,45,-1RG1,8,6,phonememohammadiaSupervised,1,1,1,45,-2RG1,9,6,phonememohammadiaSupervised,1,3,3,45,1RG1,10,6,phonememohammadiaSupervised,1,2,2,45,-2RG1,5,0,phonememohammadiaOnline,1,45,45,45,45RG1,7,0,phonememohammadiaOnline,1,2,2,45,-1RG1,8,0,phonememohammadiaOnline,1,3,3,45,0RG1,9,0,phonememohammadiaOnline,1,2,2,45,-1RG1,10,0,phonememohammadiaOnline,1,3,3,45,-1RG1,5,6,phonememohammadiaOnline,1,45,45,45,45RG1,7,6,phonememohammadiaOnline,1,3,4,45,0RG1,8,6,phonememohammadiaOnline,1,3,3,45,0RG1,9,6,phonememohammadiaOnline,1,2,2,45,0RG1,10,6,phonememohammadiaOnline,1,2,2,45,-2RG1,5,0,phonememodifiedSupervised,1,2,2,45,0RG1,7,0,phonememodifiedSupervised,1,45,45,45,45RG1,8,0,phonememodifiedSupervised,1,45,45,45,45RG1,9,0,phonememodifiedSupervised,1,2,2,45,-2RG1,10,0,phonememodifiedSupervised,1,1,2,45,-2RG1,5,6,phonememodifiedSupervised,1,3,3,45,0RG1,7,6,phonememodifiedSupervised,1,2,2,45,0RG1,8,6,phonememodifiedSupervised,1,45,45,45,45RG1,9,6,phonememodifiedSupervised,1,45,45,45,45RG1,10,6,phonememodifiedSupervised,1,2,2,45,-1RG1,5,0,phonememodifiedOnline,1,2,1,45,0RG1,7,0,phonememodifiedOnline,1,3,3,45,0RG1,8,0,phonememodifiedOnline,1,45,45,45,45RG1,9,0,phonememodifiedOnline,1,3,3,45,1RG1,10,0,phonememodifiedOnline,1,3,3,45,1RG1,5,6,phonememodifiedOnline,1,2,2,45,-2RG1,7,6,phonememodifiedOnline,1,3,3,45,0RG1,8,6,phonememodifiedOnline,1,45,45,45,45RG1,9,6,phonememodifiedOnline,1,45,45,45,45RG1,10,6,phonememodifiedOnline,1,2,2,45,-1RG1,5,0,mohammadiaSupervised,1,2,2,45,0RG1,7,0,mohammadiaSupervised,1,2,2,45,0RG1,8,0,mohammadiaSupervised,1,45,45,45,45RG1,9,0,mohammadiaSupervised,1,45,45,45,45RG1,10,0,mohammadiaSupervised,1,45,45,45,45RG1,5,6,mohammadiaSupervised,1,2,2,45,0RG1,7,6,mohammadiaSupervised,1,2,2,45,-1RG1,8,6,mohammadiaSupervised,1,45,45,45,45RG1,9,6,mohammadiaSupervised,1,45,45,45,45RG1,10,6,mohammadiaSupervised,1,45,45,45,45RG1,5,0,mohammadiaOnline,1,1,1,45,0RG1,7,0,mohammadiaOnline,1,2,2,45,0RG1,8,0,mohammadiaOnline,1,45,45,45,45RG1,9,0,mohammadiaOnline,1,45,45,45,45RG1,10,0,mohammadiaOnline,1,45,45,45,45RG1,5,6,mohammadiaOnline,1,3,2,45,0RG1,7,6,mohammadiaOnline,1,3,3,45,0RG1,8,6,mohammadiaOnline,1,45,45,45,45RG1,9,6,mohammadiaOnline,1,45,45,45,45RG1,10,6,mohammadiaOnline,1,45,45,45,45RG1,5,0,MMSE,5,1,1,45,0RG1,7,0,MMSE,5,1,1,45,-3RG1,8,0,MMSE,5,3,4,45,1RG1,9,0,MMSE,5,2,2,45,-1RG1,10,0,MMSE,5,3,3,45,-1RG1,5,6,MMSE,5,2,2,45,0RG1,7,6,MMSE,5,1,1,45,-3RG1,8,6,MMSE,5,2,2,45,-1RG1,9,6,MMSE,5,2,2,45,-1RG1,10,6,MMSE,5,2,2,45,-1RG1,5,0,IDBM,5,1,1,45,-3RG1,7,0,IDBM,5,1,1,45,-3RG1,8,0,IDBM,5,1,1,45,-3RG1,9,0,IDBM,5,1,1,45,-3RG1,10,0,IDBM,5,1,1,45,-3RG1,5,6,IDBM,5,1,1,45,-3RG1,7,6,IDBM,5,1,1,45,-3RG1,8,6,IDBM,5,1,1,45,-3RG1,9,6,IDBM,5,1,1,45,-3RG1,10,6,IDBM,5,1,1,45,-3RG1,5,0,phonemeMMSE,5,1,1,45,0RG1,7,0,phonemeMMSE,5,1,1,45,-3RG1,8,0,phonemeMMSE,5,3,4,45,1RG1,9,0,phonemeMMSE,5,2,2,45,-2RG1,10,0,phonemeMMSE,5,3,3,45,-1RG1,5,6,phonemeMMSE,5,2,2,45,0RG1,7,6,phonemeMMSE,5,1,1,45,-3RG1,8,6,phonemeMMSE,5,3,3,45,0RG1,9,6,phonemeMMSE,5,3,3,45,-1RG1,10,6,phonemeMMSE,5,3,3,45,-1RG1,5,0,phonemeIDBM,5,1,1,45,-3RG1,7,0,phonemeIDBM,5,1,1,45,-3RG1,8,0,phonemeIDBM,5,1,1,45,-3RG1,9,0,phonemeIDBM,5,1,1,45,-3RG1,10,0,phonemeIDBM,5,1,1,45,-3RG1,5,6,phonemeIDBM,5,1,1,45,-3RG1,7,6,phonemeIDBM,5,1,1,45,-3RG1,8,6,phonemeIDBM,5,1,1,45,-3RG1,9,6,phonemeIDBM,5,1,1,45,-3RG1,10,6,phonemeIDBM,5,1,1,45,-3RG1,5,0,phonememohammadiaSupervised,5,45,45,45,45RG1,7,0,phonememohammadiaSupervised,5,2,2,45,-2RG1,8,0,phonememohammadiaSupervised,5,2,2,45,-2RG1,9,0,phonememohammadiaSupervised,5,3,3,45,1RG1,10,0,phonememohammadiaSupervised,5,3,3,45,1RG1,5,6,phonememohammadiaSupervised,5,45,45,45,45RG1,7,6,phonememohammadiaSupervised,5,2,2,45,-2RG1,8,6,phonememohammadiaSupervised,5,3,4,45,0RG1,9,6,phonememohammadiaSupervised,5,4,4,45,2RG1,10,6,phonememohammadiaSupervised,5,3,3,45,1RG1,5,0,phonememohammadiaOnline,5,45,45,45,45RG1,7,0,phonememohammadiaOnline,5,2,2,45,0RG1,8,0,phonememohammadiaOnline,5,3,3,45,1RG1,9,0,phonememohammadiaOnline,5,2,2,45,-2RG1,10,0,phonememohammadiaOnline,5,2,2,45,-2RG1,5,6,phonememohammadiaOnline,5,45,45,45,45RG1,7,6,phonememohammadiaOnline,5,2,3,45,-1RG1,8,6,phonememohammadiaOnline,5,3,4,45,2RG1,9,6,phonememohammadiaOnline,5,2,2,45,0RG1,10,6,phonememohammadiaOnline,5,3,3,45,-1RG1,5,0,phonememodifiedSupervised,5,1,1,45,-2RG1,7,0,phonememodifiedSupervised,5,45,45,45,45RG1,8,0,phonememodifiedSupervised,5,45,45,45,45RG1,9,0,phonememodifiedSupervised,5,3,3,45,0RG1,10,0,phonememodifiedSupervised,5,2,2,45,-2RG1,5,6,phonememodifiedSupervised,5,3,2,45,0RG1,7,6,phonememodifiedSupervised,5,2,2,45,-1RG1,8,6,phonememodifiedSupervised,5,45,45,45,45RG1,9,6,phonememodifiedSupervised,5,45,45,45,45RG1,10,6,phonememodifiedSupervised,5,2,2,45,-2RG1,5,0,phonememodifiedOnline,5,2,2,45,0RG1,7,0,phonememodifiedOnline,5,45,45,45,45RG1,8,0,phonememodifiedOnline,5,45,45,45,45RG1,9,0,phonememodifiedOnline,5,2,3,45,-2RG1,10,0,phonememodifiedOnline,5,2,3,45,-1RG1,5,6,phonememodifiedOnline,5,2,2,45,0RG1,7,6,phonememodifiedOnline,5,2,2,45,-2RG1,8,6,phonememodifiedOnline,5,45,45,45,45RG1,9,6,phonememodifiedOnline,5,45,45,45,45RG1,10,6,phonememodifiedOnline,5,2,2,45,-1RG1,5,0,mohammadiaSupervised,5,2,2,45,-2RG1,7,0,mohammadiaSupervised,5,2,2,45,-1RG1,8,0,mohammadiaSupervised,5,45,45,45,45RG1,9,0,mohammadiaSupervised,5,45,45,45,45RG1,10,0,mohammadiaSupervised,5,45,45,45,45RG1,5,6,mohammadiaSupervised,5,1,2,45,-2RG1,7,6,mohammadiaSupervised,5,2,2,45,-1RG1,8,6,mohammadiaSupervised,5,45,45,45,45RG1,9,6,mohammadiaSupervised,5,45,45,45,45RG1,10,6,mohammadiaSupervised,5,45,45,45,45RG1,5,0,mohammadiaOnline,5,3,3,45,0RG1,7,0,mohammadiaOnline,5,3,3,45,1RG1,8,0,mohammadiaOnline,5,45,45,45,45RG1,9,0,mohammadiaOnline,5,45,45,45,45RG1,10,0,mohammadiaOnline,5,45,45,45,45RG1,5,6,mohammadiaOnline,5,2,2,45,0RG1,7,6,mohammadiaOnline,5,3,3,45,0RG1,8,6,mohammadiaOnline,5,45,45,45,45RG1,9,6,mohammadiaOnline,5,45,45,45,45RG1,10,6,mohammadiaOnline,5,45,45,45,45RG1,5,0,MMSE,80,45,45,45,45RG1,7,0,MMSE,80,45,45,45,45RG1,8,0,MMSE,80,45,45,45,45RG1,9,0,MMSE,80,45,45,45,45RG1,10,0,MMSE,80,45,45,45,45RG1,5,6,MMSE,80,45,45,45,45RG1,7,6,MMSE,80,45,45,45,45RG1,8,6,MMSE,80,45,45,45,45RG1,9,6,MMSE,80,45,45,45,45RG1,10,6,MMSE,80,45,45,45,45RG1,5,0,IDBM,80,45,45,45,45RG1,7,0,IDBM,80,45,45,45,45RG1,8,0,IDBM,80,45,45,45,45RG1,9,0,IDBM,80,45,45,45,45RG1,10,0,IDBM,80,45,45,45,45RG1,5,6,IDBM,80,45,45,45,45RG1,7,6,IDBM,80,45,45,45,45RG1,8,6,IDBM,80,45,45,45,45RG1,9,6,IDBM,80,45,45,45,45RG1,10,6,IDBM,80,45,45,45,45RG1,5,0,phonemeMMSE,80,45,45,45,45RG1,7,0,phonemeMMSE,80,45,45,45,45RG1,8,0,phonemeMMSE,80,45,45,45,45RG1,9,0,phonemeMMSE,80,45,45,45,45RG1,10,0,phonemeMMSE,80,45,45,45,45RG1,5,6,phonemeMMSE,80,45,45,45,45RG1,7,6,phonemeMMSE,80,45,45,45,45RG1,8,6,phonemeMMSE,80,45,45,45,45RG1,9,6,phonemeMMSE,80,45,45,45,45RG1,10,6,phonemeMMSE,80,45,45,45,45RG1,5,0,phonemeIDBM,80,45,45,45,45RG1,7,0,phonemeIDBM,80,45,45,45,45RG1,8,0,phonemeIDBM,80,45,45,45,45RG1,9,0,phonemeIDBM,80,45,45,45,45RG1,10,0,phonemeIDBM,80,45,45,45,45RG1,5,6,phonemeIDBM,80,45,45,45,45RG1,7,6,phonemeIDBM,80,45,45,45,45RG1,8,6,phonemeIDBM,80,45,45,45,45RG1,9,6,phonemeIDBM,80,45,45,45,45RG1,10,6,phonemeIDBM,80,45,45,45,45RG1,5,0,phonememohammadiaSupervised,80,45,45,45,45RG1,7,0,phonememohammadiaSupervised,80,45,45,45,45RG1,8,0,phonememohammadiaSupervised,80,45,45,45,45RG1,9,0,phonememohammadiaSupervised,80,45,45,45,45RG1,10,0,phonememohammadiaSupervised,80,45,45,45,45RG1,5,6,phonememohammadiaSupervised,80,45,45,45,45RG1,7,6,phonememohammadiaSupervised,80,45,45,45,45RG1,8,6,phonememohammadiaSupervised,80,45,45,45,45RG1,9,6,phonememohammadiaSupervised,80,45,45,45,45RG1,10,6,phonememohammadiaSupervised,80,45,45,45,45RG1,5,0,phonememohammadiaOnline,80,45,45,45,45RG1,7,0,phonememohammadiaOnline,80,45,45,45,45RG1,8,0,phonememohammadiaOnline,80,45,45,45,45RG1,9,0,phonememohammadiaOnline,80,45,45,45,45RG1,10,0,phonememohammadiaOnline,80,45,45,45,45RG1,5,6,phonememohammadiaOnline,80,45,45,45,45RG1,7,6,phonememohammadiaOnline,80,45,45,45,45RG1,8,6,phonememohammadiaOnline,80,45,45,45,45RG1,9,6,phonememohammadiaOnline,80,45,45,45,45RG1,10,6,phonememohammadiaOnline,80,45,45,45,45RG1,5,0,phonememodifiedSupervised,80,45,45,45,45RG1,7,0,phonememodifiedSupervised,80,45,45,45,45RG1,8,0,phonememodifiedSupervised,80,45,45,45,45RG1,9,0,phonememodifiedSupervised,80,45,45,45,45RG1,10,0,phonememodifiedSupervised,80,45,45,45,45RG1,5,6,phonememodifiedSupervised,80,45,45,45,45RG1,7,6,phonememodifiedSupervised,80,45,45,45,45RG1,8,6,phonememodifiedSupervised,80,45,45,45,45RG1,9,6,phonememodifiedSupervised,80,45,45,45,45RG1,10,6,phonememodifiedSupervised,80,45,45,45,45RG1,5,0,phonememodifiedOnline,80,45,45,45,45RG1,7,0,phonememodifiedOnline,80,45,45,45,45RG1,8,0,phonememodifiedOnline,80,45,45,45,45RG1,9,0,phonememodifiedOnline,80,45,45,45,45RG1,10,0,phonememodifiedOnline,80,45,45,45,45RG1,5,6,phonememodifiedOnline,80,45,45,45,45RG1,7,6,phonememodifiedOnline,80,45,45,45,45RG1,8,6,phonememodifiedOnline,80,45,45,45,45RG1,9,6,phonememodifiedOnline,80,45,45,45,45RG1,10,6,phonememodifiedOnline,80,45,45,45,45RG1,5,0,mohammadiaSupervised,80,1,2,45,-3RG1,7,0,mohammadiaSupervised,80,2,2,45,-1RG1,8,0,mohammadiaSupervised,80,45,45,45,45RG1,9,0,mohammadiaSupervised,80,45,45,45,45RG1,10,0,mohammadiaSupervised,80,45,45,45,45RG1,5,6,mohammadiaSupervised,80,2,2,45,-1RG1,7,6,mohammadiaSupervised,80,2,2,45,-1RG1,8,6,mohammadiaSupervised,80,45,45,45,45RG1,9,6,mohammadiaSupervised,80,45,45,45,45RG1,10,6,mohammadiaSupervised,80,45,45,45,45RG1,5,0,mohammadiaOnline,80,2,2,45,0RG1,7,0,mohammadiaOnline,80,2,2,45,0RG1,8,0,mohammadiaOnline,80,45,45,45,45RG1,9,0,mohammadiaOnline,80,45,45,45,45RG1,10,0,mohammadiaOnline,80,45,45,45,45RG1,5,6,mohammadiaOnline,80,2,2,45,0RG1,7,6,mohammadiaOnline,80,3,4,45,0RG1,8,6,mohammadiaOnline,80,45,45,45,45RG1,9,6,mohammadiaOnline,80,45,45,45,45RG1,10,6,mohammadiaOnline,80,45,45,45,45
AG1,5,00,MMSE,001,45,45,45,45
AG1,7,00,MMSE,001,45,45,45,45
AG1,8,00,MMSE,001,45,45,45,45
AG1,9,00,MMSE,001,45,45,45,45
AG1,10,00,MMSE,001,45,45,45,45
AG1,5,00,IDBM,001,45,45,45,45
AG1,7,00,IDBM,001,45,45,45,45
AG1,8,00,IDBM,001,45,45,45,45
AG1,9,00,IDBM,001,45,45,45,45
AG1,10,00,IDBM,001,45,45,45,45
AG1,5,00,phonemeMMSE,001,2,2,45,-1
AG1,7,00,phonemeMMSE,001,1,1,45,-3
AG1,8,00,phonemeMMSE,001,2,3,45,0
AG1,9,00,phonemeMMSE,001,1,3,45,1
AG1,10,00,phonemeMMSE,001,2,3,45,0
AG1,5,00,phonemeIDBM,001,1,1,45,-3
AG1,7,00,phonemeIDBM,001,1,1,45,-3
AG1,8,00,phonemeIDBM,001,1,1,45,-3
AG1,9,00,phonemeIDBM,001,1,1,45,-3
AG1,10,00,phonemeIDBM,001,1,1,45,-3
AG1,5,00,phonememohammadiaSupervised,001,1,2,45,-3
AG1,7,00,phonememohammadiaSupervised,001,2,2,45,1
AG1,8,00,phonememohammadiaSupervised,001,2,2,45,-2
AG1,9,00,phonememohammadiaSupervised,001,3,4,45,1
AG1,10,00,phonememohammadiaSupervised,001,2,2,45,-2
AG1,5,00,phonememohammadiaOnline,001,2,2,45,0
AG1,7,00,phonememohammadiaOnline,001,2,2,45,0
AG1,8,00,phonememohammadiaOnline,001,2,2,45,-2
AG1,9,00,phonememohammadiaOnline,001,2,3,45,1
AG1,10,00,phonememohammadiaOnline,001,2,3,45,1
AG1,5,00,phonememodifiedSupervised,001,2,2,45,0
AG1,7,00,phonememodifiedSupervised,001,45,45,45,45
AG1,8,00,phonememodifiedSupervised,001,2,3,45,0
AG1,9,00,phonememodifiedSupervised,001,2,2,45,-1
AG1,10,00,phonememodifiedSupervised,001,1,2,45,-2
AG1,5,00,phonememodifiedOnline,001,1,2,45,0
AG1,7,00,phonememodifiedOnline,001,3,3,45,0
AG1,8,00,phonememodifiedOnline,001,2,2,45,0
AG1,9,00,phonememodifiedOnline,001,2,3,45,0
AG1,10,00,phonememodifiedOnline,001,2,3,45,-2
AG1,5,00,mohammadiaSupervised,001,2,2,45,0
AG1,7,00,mohammadiaSupervised,001,2,2,45,0
AG1,8,00,mohammadiaSupervised,001,45,45,45,45
AG1,9,00,mohammadiaSupervised,001,45,45,45,45
AG1,10,00,mohammadiaSupervised,001,45,45,45,45
AG1,5,00,mohammadiaOnline,001,1,2,45,-2
AG1,7,00,mohammadiaOnline,001,2,3,45,0
AG1,8,00,mohammadiaOnline,001,45,45,45,45
AG1,9,00,mohammadiaOnline,001,45,45,45,45
AG1,10,00,mohammadiaOnline,001,45,45,45,45
AG1,5,00,MMSE,005,2,2,45,0
AG1,7,00,MMSE,005,1,1,45,-3
AG1,8,00,MMSE,005,2,3,45,1
AG1,9,00,MMSE,005,2,2,45,-1
AG1,10,00,MMSE,005,2,3,45,-1
AG1,5,00,IDBM,005,1,1,45,-3
AG1,7,00,IDBM,005,1,1,45,-3
AG1,8,00,IDBM,005,1,1,45,-3
AG1,9,00,IDBM,005,1,1,45,-3
AG1,10,00,IDBM,005,1,1,45,-3
AG1,5,00,phonemeMMSE,005,2,2,45,1
AG1,7,00,phonemeMMSE,005,1,1,45,-3
AG1,8,00,phonemeMMSE,005,2,3,45,-2
AG1,9,00,phonemeMMSE,005,2,2,45,-2
AG1,10,00,phonemeMMSE,005,2,2,45,0
AG1,5,00,phonemeIDBM,005,1,1,45,-3
AG1,7,00,phonemeIDBM,005,1,1,45,-3
AG1,8,00,phonemeIDBM,005,1,1,45,-3
AG1,9,00,phonemeIDBM,005,1,1,45,-3
AG1,10,00,phonemeIDBM,005,1,1,45,-3
AG1,5,00,phonememohammadiaSupervised,005,1,2,45,-2
AG1,7,00,phonememohammadiaSupervised,005,1,2,45,-3
AG1,8,00,phonememohammadiaSupervised,005,1,1,45,-3
AG1,9,00,phonememohammadiaSupervised,005,2,4,45,1
AG1,10,00,phonememohammadiaSupervised,005,2,3,45,-1
AG1,5,00,phonememohammadiaOnline,005,2,2,45,0
AG1,7,00,phonememohammadiaOnline,005,3,3,45,0
AG1,8,00,phonememohammadiaOnline,005,3,3,45,2
AG1,9,00,phonememohammadiaOnline,005,3,3,45,0
AG1,10,00,phonememohammadiaOnline,005,3,3,45,1
AG1,5,00,phonememodifiedSupervised,005,2,2,45,0
AG1,7,00,phonememodifiedSupervised,005,45,45,45,45
AG1,8,00,phonememodifiedSupervised,005,1,2,45,0
AG1,9,00,phonememodifiedSupervised,005,2,3,45,1
AG1,10,00,phonememodifiedSupervised,005,1,2,45,-2
AG1,5,00,phonememodifiedOnline,005,2,2,45,0
AG1,7,00,phonememodifiedOnline,005,45,45,45,45
AG1,8,00,phonememodifiedOnline,005,2,2,45,0
AG1,9,00,phonememodifiedOnline,005,3,3,45,0
AG1,10,00,phonememodifiedOnline,005,2,3,45,0
AG1,5,00,mohammadiaSupervised,005,1,2,45,-2
AG1,7,00,mohammadiaSupervised,005,1,2,45,0
AG1,8,00,mohammadiaSupervised,005,45,45,45,45
AG1,9,00,mohammadiaSupervised,005,45,45,45,45
AG1,10,00,mohammadiaSupervised,005,45,45,45,45
AG1,5,00,mohammadiaOnline,005,2,2,45,1
AG1,7,00,mohammadiaOnline,005,4,4,45,0
AG1,8,00,mohammadiaOnline,005,45,45,45,45
AG1,9,00,mohammadiaOnline,005,45,45,45,45
AG1,10,00,mohammadiaOnline,005,45,45,45,45
AG1,5,00,MMSE,080,45,45,45,45
AG1,7,00,MMSE,080,45,45,45,45
AG1,8,00,MMSE,080,45,45,45,45
AG1,9,00,MMSE,080,45,45,45,45
AG1,10,00,MMSE,080,45,45,45,45
AG1,5,00,IDBM,080,45,45,45,45
AG1,7,00,IDBM,080,45,45,45,45
AG1,8,00,IDBM,080,45,45,45,45
AG1,9,00,IDBM,080,45,45,45,45
AG1,10,00,IDBM,080,45,45,45,45
AG1,5,00,phonemeMMSE,080,45,45,45,45
AG1,7,00,phonemeMMSE,080,45,45,45,45
AG1,8,00,phonemeMMSE,080,45,45,45,45
AG1,9,00,phonemeMMSE,080,45,45,45,45
AG1,10,00,phonemeMMSE,080,45,45,45,45
AG1,5,00,phonemeIDBM,080,45,45,45,45
AG1,7,00,phonemeIDBM,080,45,45,45,45
AG1,8,00,phonemeIDBM,080,45,45,45,45
AG1,9,00,phonemeIDBM,080,45,45,45,45
AG1,10,00,phonemeIDBM,080,45,45,45,45
AG1,5,00,phonememohammadiaSupervised,080,45,45,45,45
AG1,7,00,phonememohammadiaSupervised,080,45,45,45,45
AG1,8,00,phonememohammadiaSupervised,080,45,45,45,45
AG1,9,00,phonememohammadiaSupervised,080,45,45,45,45
AG1,10,00,phonememohammadiaSupervised,080,45,45,45,45
AG1,5,00,phonememohammadiaOnline,080,45,45,45,45
AG1,7,00,phonememohammadiaOnline,080,45,45,45,45
AG1,8,00,phonememohammadiaOnline,080,45,45,45,45
AG1,9,00,phonememohammadiaOnline,080,45,45,45,45
AG1,10,00,phonememohammadiaOnline,080,45,45,45,45
AG1,5,00,phonememodifiedSupervised,080,45,45,45,45
AG1,7,00,phonememodifiedSupervised,080,45,45,45,45
AG1,8,00,phonememodifiedSupervised,080,45,45,45,45
AG1,9,00,phonememodifiedSupervised,080,45,45,45,45
AG1,10,00,phonememodifiedSupervised,080,45,45,45,45
AG1,5,00,phonememodifiedOnline,080,45,45,45,45
AG1,7,00,phonememodifiedOnline,080,45,45,45,45
AG1,8,00,phonememodifiedOnline,080,45,45,45,45
AG1,9,00,phonememodifiedOnline,080,45,45,45,45
AG1,10,00,phonememodifiedOnline,080,45,45,45,45
AG1,5,00,mohammadiaSupervised,080,2,2,45,1
AG1,7,00,mohammadiaSupervised,080,1,2,45,-2
AG1,8,00,mohammadiaSupervised,080,45,45,45,45
AG1,9,00,mohammadiaSupervised,080,45,45,45,45
AG1,10,00,mohammadiaSupervised,080,45,45,45,45
AG1,5,00,mohammadiaOnline,080,2,2,45,-1
AG1,7,00,mohammadiaOnline,080,2,2,45,0
AG1,8,00,mohammadiaOnline,080,45,45,45,45
AG1,9,00,mohammadiaOnline,080,45,45,45,45
AG1,10,00,mohammadiaOnline,080,45,45,45,45
AG1,5,00,MMSE,100,45,45,45,45
AG1,7,00,MMSE,100,45,45,45,45
AG1,8,00,MMSE,100,45,45,45,45
AG1,9,00,MMSE,100,45,45,45,45
AG1,10,00,MMSE,100,45,45,45,45
AG1,5,00,IDBM,100,45,45,45,45
AG1,7,00,IDBM,100,45,45,45,45
AG1,8,00,IDBM,100,45,45,45,45
AG1,9,00,IDBM,100,45,45,45,45
AG1,10,00,IDBM,100,45,45,45,45
AG1,5,00,phonemeMMSE,100,45,45,45,45
AG1,7,00,phonemeMMSE,100,45,45,45,45
AG1,8,00,phonemeMMSE,100,45,45,45,45
AG1,9,00,phonemeMMSE,100,45,45,45,45
AG1,10,00,phonemeMMSE,100,45,45,45,45
AG1,5,00,phonemeIDBM,100,45,45,45,45
AG1,7,00,phonemeIDBM,100,45,45,45,45
AG1,8,00,phonemeIDBM,100,45,45,45,45
AG1,9,00,phonemeIDBM,100,45,45,45,45
AG1,10,00,phonemeIDBM,100,45,45,45,45
AG1,5,00,phonememohammadiaSupervised,100,45,45,45,45
AG1,7,00,phonememohammadiaSupervised,100,2,3,45,-1
AG1,8,00,phonememohammadiaSupervised,100,1,2,45,-1
AG1,9,00,phonememohammadiaSupervised,100,3,3,45,-1
AG1,10,00,phonememohammadiaSupervised,100,3,4,45,1
AG1,5,00,phonememohammadiaOnline,100,45,45,45,45
AG1,7,00,phonememohammadiaOnline,100,3,4,45,0
AG1,8,00,phonememohammadiaOnline,100,2,3,45,1
AG1,9,00,phonememohammadiaOnline,100,2,3,45,1
AG1,10,00,phonememohammadiaOnline,100,3,3,45,0
AG1,5,00,phonememodifiedSupervised,100,45,45,45,45
AG1,7,00,phonememodifiedSupervised,100,45,45,45,45
AG1,8,00,phonememodifiedSupervised,100,45,45,45,45
AG1,9,00,phonememodifiedSupervised,100,3,3,45,0
AG1,10,00,phonememodifiedSupervised,100,45,45,45,45
AG1,5,00,phonememodifiedOnline,100,45,45,45,45
AG1,7,00,phonememodifiedOnline,100,45,45,45,45
AG1,8,00,phonememodifiedOnline,100,45,45,45,45
AG1,9,00,phonememodifiedOnline,100,3,3,45,0
AG1,10,00,phonememodifiedOnline,100,45,45,45,45
AG1,5,00,mohammadiaSupervised,100,45,45,45,45
AG1,7,00,mohammadiaSupervised,100,45,45,45,45
AG1,8,00,mohammadiaSupervised,100,45,45,45,45
AG1,9,00,mohammadiaSupervised,100,45,45,45,45
AG1,10,00,mohammadiaSupervised,100,45,45,45,45
AG1,5,00,mohammadiaOnline,100,45,45,45,45
AG1,7,00,mohammadiaOnline,100,45,45,45,45
AG1,8,00,mohammadiaOnline,100,45,45,45,45
AG1,9,00,mohammadiaOnline,100,45,45,45,45
AG1,10,00,mohammadiaOnline,100,45,45,45,45
NT1,5,00,MMSE,001,45,45,45,45
NT1,7,00,MMSE,001,45,45,45,45
NT1,8,00,MMSE,001,45,45,45,45
NT1,9,00,MMSE,001,45,45,45,45
NT1,10,00,MMSE,001,45,45,45,45
NT1,5,00,IDBM,001,45,45,45,45
NT1,7,00,IDBM,001,45,45,45,45
NT1,8,00,IDBM,001,45,45,45,45
NT1,9,00,IDBM,001,45,45,45,45
NT1,10,00,IDBM,001,45,45,45,45
NT1,5,00,phonemeMMSE,001,2,2,45,-3
NT1,7,00,phonemeMMSE,001,1,1,45,-3
NT1,8,00,phonemeMMSE,001,3,4,45,1
NT1,9,00,phonemeMMSE,001,3,4,45,1
NT1,10,00,phonemeMMSE,001,2,3,45,-1
NT1,5,00,phonemeIDBM,001,1,1,45,-3
NT1,7,00,phonemeIDBM,001,1,1,45,-3
NT1,8,00,phonemeIDBM,001,1,1,45,-3
NT1,9,00,phonemeIDBM,001,1,1,45,-3
NT1,10,00,phonemeIDBM,001,1,1,45,-3
NT1,5,00,phonememohammadiaSupervised,001,2,3,45,-2
NT1,7,00,phonememohammadiaSupervised,001,1,2,45,-3
NT1,8,00,phonememohammadiaSupervised,001,2,2,45,-2
NT1,9,00,phonememohammadiaSupervised,001,3,4,45,0
NT1,10,00,phonememohammadiaSupervised,001,2,4,45,-1
NT1,5,00,phonememohammadiaOnline,001,2,4,45,-1
NT1,7,00,phonememohammadiaOnline,001,3,4,45,1
NT1,8,00,phonememohammadiaOnline,001,2,3,45,-1
NT1,9,00,phonememohammadiaOnline,001,3,3,45,-2
NT1,10,00,phonememohammadiaOnline,001,2,3,45,-1
NT1,5,00,phonememodifiedSupervised,001,2,3,45,0
NT1,7,00,phonememodifiedSupervised,001,45,45,45,45
NT1,8,00,phonememodifiedSupervised,001,4,4,45,0
NT1,9,00,phonememodifiedSupervised,001,2,2,45,-2
NT1,10,00,phonememodifiedSupervised,001,2,3,45,-2
NT1,5,00,phonememodifiedOnline,001,3,4,45,0
NT1,7,00,phonememodifiedOnline,001,3,4,45,0
NT1,8,00,phonememodifiedOnline,001,3,4,45,1
NT1,9,00,phonememodifiedOnline,001,3,4,45,0
NT1,10,00,phonememodifiedOnline,001,3,4,45,0
NT1,5,00,mohammadiaSupervised,001,3,4,45,0
NT1,7,00,mohammadiaSupervised,001,2,2,45,-2
NT1,8,00,mohammadiaSupervised,001,45,45,45,45
NT1,9,00,mohammadiaSupervised,001,45,45,45,45
NT1,10,00,mohammadiaSupervised,001,45,45,45,45
NT1,5,00,mohammadiaOnline,001,2,2,45,-2
NT1,7,00,mohammadiaOnline,001,3,4,45,0
NT1,8,00,mohammadiaOnline,001,45,45,45,45
NT1,9,00,mohammadiaOnline,001,45,45,45,45
NT1,10,00,mohammadiaOnline,001,45,45,45,45
NT1,5,00,MMSE,005,2,3,45,-1
NT1,7,00,MMSE,005,3,3,45,1
NT1,8,00,MMSE,005,3,4,45,0
NT1,9,00,MMSE,005,2,4,45,1
NT1,10,00,MMSE,005,2,4,45,-2
NT1,5,00,IDBM,005,1,1,45,-3
NT1,7,00,IDBM,005,1,1,45,-3
NT1,8,00,IDBM,005,1,1,45,-3
NT1,9,00,IDBM,005,1,1,45,-3
NT1,10,00,IDBM,005,1,2,45,-3
NT1,5,00,phonemeMMSE,005,3,4,45,1
NT1,7,00,phonemeMMSE,005,1,1,45,-3
NT1,8,00,phonemeMMSE,005,2,3,45,-1
NT1,9,00,phonemeMMSE,005,4,4,45,2
NT1,10,00,phonemeMMSE,005,2,3,45,-2
NT1,5,00,phonemeIDBM,005,1,1,45,-3
NT1,7,00,phonemeIDBM,005,4,3,45,2
NT1,8,00,phonemeIDBM,005,1,1,45,-3
NT1,9,00,phonemeIDBM,005,1,1,45,-3
NT1,10,00,phonemeIDBM,005,1,1,45,-3
NT1,5,00,phonememohammadiaSupervised,005,2,3,45,-2
NT1,7,00,phonememohammadiaSupervised,005,1,2,45,-3
NT1,8,00,phonememohammadiaSupervised,005,2,2,45,-3
NT1,9,00,phonememohammadiaSupervised,005,2,3,45,-1
NT1,10,00,phonememohammadiaSupervised,005,2,3,45,-2
NT1,5,00,phonememohammadiaOnline,005,3,3,45,-2
NT1,7,00,phonememohammadiaOnline,005,3,4,45,0
NT1,8,00,phonememohammadiaOnline,005,2,3,45,-1
NT1,9,00,phonememohammadiaOnline,005,3,3,45,-2
NT1,10,00,phonememohammadiaOnline,005,3,4,45,0
NT1,5,00,phonememodifiedSupervised,005,4,3,45,3
NT1,7,00,phonememodifiedSupervised,005,45,45,45,45
NT1,8,00,phonememodifiedSupervised,005,3,4,45,0
NT1,9,00,phonememodifiedSupervised,005,2,3,45,-1
NT1,10,00,phonememodifiedSupervised,005,2,3,45,-1
NT1,5,00,phonememodifiedOnline,005,3,4,45,0
NT1,7,00,phonememodifiedOnline,005,45,45,45,45
NT1,8,00,phonememodifiedOnline,005,4,4,45,2
NT1,9,00,phonememodifiedOnline,005,4,4,45,0
NT1,10,00,phonememodifiedOnline,005,4,4,45,2
NT1,5,00,mohammadiaSupervised,005,1,2,45,-3
NT1,7,00,mohammadiaSupervised,005,1,2,45,-2
NT1,8,00,mohammadiaSupervised,005,45,45,45,45
NT1,9,00,mohammadiaSupervised,005,45,45,45,45
NT1,10,00,mohammadiaSupervised,005,45,45,45,45
NT1,5,00,mohammadiaOnline,005,2,3,45,-1
NT1,7,00,mohammadiaOnline,005,3,3,45,-1
NT1,8,00,mohammadiaOnline,005,45,45,45,45
NT1,9,00,mohammadiaOnline,005,45,45,45,45
NT1,10,00,mohammadiaOnline,005,45,45,45,45
NT1,5,00,MMSE,080,45,45,45,45
NT1,7,00,MMSE,080,45,45,45,45
NT1,8,00,MMSE,080,45,45,45,45
NT1,9,00,MMSE,080,45,45,45,45
NT1,10,00,MMSE,080,45,45,45,45
NT1,5,00,IDBM,080,45,45,45,45
NT1,7,00,IDBM,080,45,45,45,45
NT1,8,00,IDBM,080,45,45,45,45
NT1,9,00,IDBM,080,45,45,45,45
NT1,10,00,IDBM,080,45,45,45,45
NT1,5,00,phonemeMMSE,080,45,45,45,45
NT1,7,00,phonemeMMSE,080,45,45,45,45
NT1,8,00,phonemeMMSE,080,45,45,45,45
NT1,9,00,phonemeMMSE,080,45,45,45,45
NT1,10,00,phonemeMMSE,080,45,45,45,45
NT1,5,00,phonemeIDBM,080,45,45,45,45
NT1,7,00,phonemeIDBM,080,45,45,45,45
NT1,8,00,phonemeIDBM,080,45,45,45,45
NT1,9,00,phonemeIDBM,080,45,45,45,45
NT1,10,00,phonemeIDBM,080,45,45,45,45
NT1,5,00,phonememohammadiaSupervised,080,45,45,45,45
NT1,7,00,phonememohammadiaSupervised,080,45,45,45,45
NT1,8,00,phonememohammadiaSupervised,080,45,45,45,45
NT1,9,00,phonememohammadiaSupervised,080,45,45,45,45
NT1,10,00,phonememohammadiaSupervised,080,45,45,45,45
NT1,5,00,phonememohammadiaOnline,080,45,45,45,45
NT1,7,00,phonememohammadiaOnline,080,45,45,45,45
NT1,8,00,phonememohammadiaOnline,080,45,45,45,45
NT1,9,00,phonememohammadiaOnline,080,45,45,45,45
NT1,10,00,phonememohammadiaOnline,080,45,45,45,45
NT1,5,00,phonememodifiedSupervised,080,45,45,45,45
NT1,7,00,phonememodifiedSupervised,080,45,45,45,45
NT1,8,00,phonememodifiedSupervised,080,45,45,45,45
NT1,9,00,phonememodifiedSupervised,080,45,45,45,45
NT1,10,00,phonememodifiedSupervised,080,45,45,45,45
NT1,5,00,phonememodifiedOnline,080,45,45,45,45
NT1,7,00,phonememodifiedOnline,080,45,45,45,45
NT1,8,00,phonememodifiedOnline,080,45,45,45,45
NT1,9,00,phonememodifiedOnline,080,45,45,45,45
NT1,10,00,phonememodifiedOnline,080,45,45,45,45
NT1,5,00,mohammadiaSupervised,080,2,2,45,-2
NT1,7,00,mohammadiaSupervised,080,2,3,45,-3
NT1,8,00,mohammadiaSupervised,080,45,45,45,45
NT1,9,00,mohammadiaSupervised,080,45,45,45,45
NT1,10,00,mohammadiaSupervised,080,45,45,45,45
NT1,5,00,mohammadiaOnline,080,2,3,45,-2
NT1,7,00,mohammadiaOnline,080,3,4,45,0
NT1,8,00,mohammadiaOnline,080,45,45,45,45
NT1,9,00,mohammadiaOnline,080,45,45,45,45
NT1,10,00,mohammadiaOnline,080,45,45,45,45
NT1,5,00,MMSE,100,45,45,45,45
NT1,7,00,MMSE,100,45,45,45,45
NT1,8,00,MMSE,100,45,45,45,45
NT1,9,00,MMSE,100,45,45,45,45
NT1,10,00,MMSE,100,45,45,45,45
NT1,5,00,IDBM,100,45,45,45,45
NT1,7,00,IDBM,100,45,45,45,45
NT1,8,00,IDBM,100,45,45,45,45
NT1,9,00,IDBM,100,45,45,45,45
NT1,10,00,IDBM,100,45,45,45,45
NT1,5,00,phonemeMMSE,100,45,45,45,45
NT1,7,00,phonemeMMSE,100,45,45,45,45
NT1,8,00,phonemeMMSE,100,45,45,45,45
NT1,9,00,phonemeMMSE,100,45,45,45,45
NT1,10,00,phonemeMMSE,100,45,45,45,45
NT1,5,00,phonemeIDBM,100,45,45,45,45
NT1,7,00,phonemeIDBM,100,45,45,45,45
NT1,8,00,phonemeIDBM,100,45,45,45,45
NT1,9,00,phonemeIDBM,100,45,45,45,45
NT1,10,00,phonemeIDBM,100,45,45,45,45
NT1,5,00,phonememohammadiaSupervised,100,45,45,45,45
NT1,7,00,phonememohammadiaSupervised,100,1,1,45,-3
NT1,8,00,phonememohammadiaSupervised,100,1,2,45,-3
NT1,9,00,phonememohammadiaSupervised,100,3,4,45,-1
NT1,10,00,phonememohammadiaSupervised,100,3,3,45,-1
NT1,5,00,phonememohammadiaOnline,100,45,45,45,45
NT1,7,00,phonememohammadiaOnline,100,3,4,45,1
NT1,8,00,phonememohammadiaOnline,100,2,2,45,-1
NT1,9,00,phonememohammadiaOnline,100,2,3,45,-1
NT1,10,00,phonememohammadiaOnline,100,3,4,45,0
NT1,5,00,phonememodifiedSupervised,100,45,45,45,45
NT1,7,00,phonememodifiedSupervised,100,45,45,45,45
NT1,8,00,phonememodifiedSupervised,100,45,45,45,45
NT1,9,00,phonememodifiedSupervised,100,3,4,45,0
NT1,10,00,phonememodifiedSupervised,100,45,45,45,45
NT1,5,00,phonememodifiedOnline,100,45,45,45,45
NT1,7,00,phonememodifiedOnline,100,45,45,45,45
NT1,8,00,phonememodifiedOnline,100,45,45,45,45
NT1,9,00,phonememodifiedOnline,100,3,4,45,0
NT1,10,00,phonememodifiedOnline,100,45,45,45,45
NT1,5,00,mohammadiaSupervised,100,45,45,45,45
NT1,7,00,mohammadiaSupervised,100,45,45,45,45
NT1,8,00,mohammadiaSupervised,100,45,45,45,45
NT1,9,00,mohammadiaSupervised,100,45,45,45,45
NT1,10,00,mohammadiaSupervised,100,45,45,45,45
NT1,5,00,mohammadiaOnline,100,45,45,45,45
NT1,7,00,mohammadiaOnline,100,45,45,45,45
NT1,8,00,mohammadiaOnline,100,45,45,45,45
NT1,9,00,mohammadiaOnline,100,45,45,45,45
NT1,10,00,mohammadiaOnline,100,45,45,45,45
AG2,5,00,MMSE,001,45,45,45,45
AG2,7,00,MMSE,001,45,45,45,45
AG2,8,00,MMSE,001,45,45,45,45
AG2,9,00,MMSE,001,45,45,45,45
AG2,10,00,MMSE,001,45,45,45,45
AG2,5,00,IDBM,001,45,45,45,45
AG2,7,00,IDBM,001,45,45,45,45
AG2,8,00,IDBM,001,45,45,45,45
AG2,9,00,IDBM,001,45,45,45,45
AG2,10,00,IDBM,001,45,45,45,45
AG2,5,00,phonemeMMSE,001,1,4,45,1
AG2,7,00,phonemeMMSE,001,1,1,45,-3
AG2,8,00,phonemeMMSE,001,3,4,45,2
AG2,9,00,phonemeMMSE,001,4,5,45,1
AG2,10,00,phonemeMMSE,001,3,4,45,0
AG2,5,00,phonemeIDBM,001,1,1,45,-3
AG2,7,00,phonemeIDBM,001,1,1,45,-3
AG2,8,00,phonemeIDBM,001,1,1,45,-3
AG2,9,00,phonemeIDBM,001,1,1,45,-3
AG2,10,00,phonemeIDBM,001,1,1,45,-3
AG2,5,00,phonememohammadiaSupervised,001,2,2,45,-2
AG2,7,00,phonememohammadiaSupervised,001,2,2,45,0
AG2,8,00,phonememohammadiaSupervised,001,2,2,45,-3
AG2,9,00,phonememohammadiaSupervised,001,5,5,45,3
AG2,10,00,phonememohammadiaSupervised,001,3,4,45,3
AG2,5,00,phonememohammadiaOnline,001,3,4,45,2
AG2,7,00,phonememohammadiaOnline,001,5,5,45,0
AG2,8,00,phonememohammadiaOnline,001,2,4,45,-2
AG2,9,00,phonememohammadiaOnline,001,4,5,45,2
AG2,10,00,phonememohammadiaOnline,001,5,5,45,1
AG2,5,00,phonememodifiedSupervised,001,2,2,45,0
AG2,7,00,phonememodifiedSupervised,001,45,45,45,45
AG2,8,00,phonememodifiedSupervised,001,5,5,45,0
AG2,9,00,phonememodifiedSupervised,001,2,3,45,-2
AG2,10,00,phonememodifiedSupervised,001,2,4,45,-2
AG2,5,00,phonememodifiedOnline,001,2,2,45,0
AG2,7,00,phonememodifiedOnline,001,3,3,45,1
AG2,8,00,phonememodifiedOnline,001,3,4,45,3
AG2,9,00,phonememodifiedOnline,001,4,5,45,1
AG2,10,00,phonememodifiedOnline,001,4,3,45,2
AG2,5,00,mohammadiaSupervised,001,2,2,45,0
AG2,7,00,mohammadiaSupervised,001,3,1,45,0
AG2,8,00,mohammadiaSupervised,001,45,45,45,45
AG2,9,00,mohammadiaSupervised,001,45,45,45,45
AG2,10,00,mohammadiaSupervised,001,45,45,45,45
AG2,5,00,mohammadiaOnline,001,2,2,45,0
AG2,7,00,mohammadiaOnline,001,3,2,45,0
AG2,8,00,mohammadiaOnline,001,45,45,45,45
AG2,9,00,mohammadiaOnline,001,45,45,45,45
AG2,10,00,mohammadiaOnline,001,45,45,45,45
AG2,5,00,MMSE,005,1,2,45,0
AG2,7,00,MMSE,005,1,1,45,-3
AG2,8,00,MMSE,005,3,3,45,1
AG2,9,00,MMSE,005,4,4,45,0
AG2,10,00,MMSE,005,3,4,45,2
AG2,5,00,IDBM,005,1,1,45,-3
AG2,7,00,IDBM,005,1,1,45,-3
AG2,8,00,IDBM,005,1,1,45,-3
AG2,9,00,IDBM,005,1,1,45,-3
AG2,10,00,IDBM,005,1,1,45,3
AG2,5,00,phonemeMMSE,005,3,2,45,1
AG2,7,00,phonemeMMSE,005,1,1,45,-3
AG2,8,00,phonemeMMSE,005,3,4,45,1
AG2,9,00,phonemeMMSE,005,4,5,45,0
AG2,10,00,phonemeMMSE,005,3,4,45,0
AG2,5,00,phonemeIDBM,005,1,1,45,-3
AG2,7,00,phonemeIDBM,005,1,1,45,-3
AG2,8,00,phonemeIDBM,005,1,1,45,-3
AG2,9,00,phonemeIDBM,005,1,1,45,-3
AG2,10,00,phonemeIDBM,005,1,1,45,-3
AG2,5,00,phonememohammadiaSupervised,005,4,4,45,3
AG2,7,00,phonememohammadiaSupervised,005,2,1,45,-2
AG2,8,00,phonememohammadiaSupervised,005,2,2,45,-3
AG2,9,00,phonememohammadiaSupervised,005,5,5,45,1
AG2,10,00,phonememohammadiaSupervised,005,3,4,45,-1
AG2,5,00,phonememohammadiaOnline,005,3,4,45,1
AG2,7,00,phonememohammadiaOnline,005,3,4,45,-2
AG2,8,00,phonememohammadiaOnline,005,3,3,45,2
AG2,9,00,phonememohammadiaOnline,005,4,4,45,3
AG2,10,00,phonememohammadiaOnline,005,5,5,45,3
AG2,5,00,phonememodifiedSupervised,005,3,3,45,1
AG2,7,00,phonememodifiedSupervised,005,45,45,45,45
AG2,8,00,phonememodifiedSupervised,005,4,4,45,0
AG2,9,00,phonememodifiedSupervised,005,5,5,45,3
AG2,10,00,phonememodifiedSupervised,005,2,2,45,-1
AG2,5,00,phonememodifiedOnline,005,3,2,45,0
AG2,7,00,phonememodifiedOnline,005,45,45,45,45
AG2,8,00,phonememodifiedOnline,005,4,5,45,0
AG2,9,00,phonememodifiedOnline,005,4,5,45,3
AG2,10,00,phonememodifiedOnline,005,4,5,45,0
AG2,5,00,mohammadiaSupervised,005,1,1,45,-2
AG2,7,00,mohammadiaSupervised,005,1,3,45,-2
AG2,8,00,mohammadiaSupervised,005,3,4,45,-1
AG2,9,00,mohammadiaSupervised,005,3,5,45,-1
AG2,10,00,mohammadiaSupervised,005,4,5,45,1
AG2,5,00,mohammadiaOnline,005,2,3,45,2
AG2,7,00,mohammadiaOnline,005,3,3,45,-1
AG2,8,00,mohammadiaOnline,005,4,5,45,2
AG2,9,00,mohammadiaOnline,005,4,4,45,0
AG2,10,00,mohammadiaOnline,005,3,4,45,0
AG2,5,00,MMSE,080,45,45,45,45
AG2,7,00,MMSE,080,45,45,45,45
AG2,8,00,MMSE,080,45,45,45,45
AG2,9,00,MMSE,080,45,45,45,45
AG2,10,00,MMSE,080,45,45,45,45
AG2,5,00,IDBM,080,45,45,45,45
AG2,7,00,IDBM,080,45,45,45,45
AG2,8,00,IDBM,080,45,45,45,45
AG2,9,00,IDBM,080,45,45,45,45
AG2,10,00,IDBM,080,45,45,45,45
AG2,5,00,phonemeMMSE,080,45,45,45,45
AG2,7,00,phonemeMMSE,080,45,45,45,45
AG2,8,00,phonemeMMSE,080,45,45,45,45
AG2,9,00,phonemeMMSE,080,45,45,45,45
AG2,10,00,phonemeMMSE,080,45,45,45,45
AG2,5,00,phonemeIDBM,080,45,45,45,45
AG2,7,00,phonemeIDBM,080,45,45,45,45
AG2,8,00,phonemeIDBM,080,45,45,45,45
AG2,9,00,phonemeIDBM,080,45,45,45,45
AG2,10,00,phonemeIDBM,080,45,45,45,45
AG2,5,00,phonememohammadiaSupervised,080,45,45,45,45
AG2,7,00,phonememohammadiaSupervised,080,45,45,45,45
AG2,8,00,phonememohammadiaSupervised,080,45,45,45,45
AG2,9,00,phonememohammadiaSupervised,080,45,45,45,45
AG2,10,00,phonememohammadiaSupervised,080,45,45,45,45
AG2,5,00,phonememohammadiaOnline,080,45,45,45,45
AG2,7,00,phonememohammadiaOnline,080,45,45,45,45
AG2,8,00,phonememohammadiaOnline,080,45,45,45,45
AG2,9,00,phonememohammadiaOnline,080,45,45,45,45
AG2,10,00,phonememohammadiaOnline,080,45,45,45,45
AG2,5,00,phonememodifiedSupervised,080,45,45,45,45
AG2,7,00,phonememodifiedSupervised,080,45,45,45,45
AG2,8,00,phonememodifiedSupervised,080,45,45,45,45
AG2,9,00,phonememodifiedSupervised,080,45,45,45,45
AG2,10,00,phonememodifiedSupervised,080,45,45,45,45
AG2,5,00,phonememodifiedOnline,080,45,45,45,45
AG2,7,00,phonememodifiedOnline,080,45,45,45,45
AG2,8,00,phonememodifiedOnline,080,45,45,45,45
AG2,9,00,phonememodifiedOnline,080,45,45,45,45
AG2,10,00,phonememodifiedOnline,080,45,45,45,45
AG2,5,00,mohammadiaSupervised,080,2,2,45,0
AG2,7,00,mohammadiaSupervised,080,2,4,45,-1
AG2,8,00,mohammadiaSupervised,080,45,45,45,45
AG2,9,00,mohammadiaSupervised,080,45,45,45,45
AG2,10,00,mohammadiaSupervised,080,45,45,45,45
AG2,5,00,mohammadiaOnline,080,2,2,45,0
AG2,7,00,mohammadiaOnline,080,3,3,45,0
AG2,8,00,mohammadiaOnline,080,45,45,45,45
AG2,9,00,mohammadiaOnline,080,45,45,45,45
AG2,10,00,mohammadiaOnline,080,45,45,45,45
AG2,5,00,MMSE,100,45,45,45,45
AG2,7,00,MMSE,100,45,45,45,45
AG2,8,00,MMSE,100,45,45,45,45
AG2,9,00,MMSE,100,45,45,45,45
AG2,10,00,MMSE,100,45,45,45,45
AG2,5,00,IDBM,100,45,45,45,45
AG2,7,00,IDBM,100,45,45,45,45
AG2,8,00,IDBM,100,45,45,45,45
AG2,9,00,IDBM,100,45,45,45,45
AG2,10,00,IDBM,100,45,45,45,45
AG2,5,00,phonemeMMSE,100,45,45,45,45
AG2,7,00,phonemeMMSE,100,45,45,45,45
AG2,8,00,phonemeMMSE,100,45,45,45,45
AG2,9,00,phonemeMMSE,100,45,45,45,45
AG2,10,00,phonemeMMSE,100,45,45,45,45
AG2,5,00,phonemeIDBM,100,45,45,45,45
AG2,7,00,phonemeIDBM,100,45,45,45,45
AG2,8,00,phonemeIDBM,100,45,45,45,45
AG2,9,00,phonemeIDBM,100,45,45,45,45
AG2,10,00,phonemeIDBM,100,45,45,45,45
AG2,5,00,phonememohammadiaSupervised,100,45,45,45,45
AG2,7,00,phonememohammadiaSupervised,100,2,2,45,-2
AG2,8,00,phonememohammadiaSupervised,100,2,2,45,-2
AG2,9,00,phonememohammadiaSupervised,100,4,5,45,3
AG2,10,00,phonememohammadiaSupervised,100,5,5,45,3
AG2,5,00,phonememohammadiaOnline,100,45,45,45,45
AG2,7,00,phonememohammadiaOnline,100,4,4,45,0
AG2,8,00,phonememohammadiaOnline,100,3,4,45,1
AG2,9,00,phonememohammadiaOnline,100,4,3,45,2
AG2,10,00,phonememohammadiaOnline,100,5,4,45,3
AG2,5,00,phonememodifiedSupervised,100,45,45,45,45
AG2,7,00,phonememodifiedSupervised,100,45,45,45,45
AG2,8,00,phonememodifiedSupervised,100,45,45,45,45
AG2,9,00,phonememodifiedSupervised,100,4,5,45,2
AG2,10,00,phonememodifiedSupervised,100,45,45,45,45
AG2,5,00,phonememodifiedOnline,100,45,45,45,45
AG2,7,00,phonememodifiedOnline,100,45,45,45,45
AG2,8,00,phonememodifiedOnline,100,45,45,45,45
AG2,9,00,phonememodifiedOnline,100,5,5,45,1
AG2,10,00,phonememodifiedOnline,100,45,45,45,45
AG2,5,00,mohammadiaSupervised,100,45,45,45,45
AG2,7,00,mohammadiaSupervised,100,45,45,45,45
AG2,8,00,mohammadiaSupervised,100,45,45,45,45
AG2,9,00,mohammadiaSupervised,100,45,45,45,45
AG2,10,00,mohammadiaSupervised,100,45,45,45,45
AG2,5,00,mohammadiaOnline,100,45,45,45,45
AG2,7,00,mohammadiaOnline,100,45,45,45,45
AG2,8,00,mohammadiaOnline,100,45,45,45,45
AG2,9,00,mohammadiaOnline,100,45,45,45,45
AG2,10,00,mohammadiaOnline,100,45,45,45,45
TG1,5,00,MMSE,001,45,45,45,45
TG1,7,00,MMSE,001,45,45,45,45
TG1,8,00,MMSE,001,45,45,45,45
TG1,9,00,MMSE,001,45,45,45,45
TG1,10,00,MMSE,001,45,45,45,45
TG1,5,00,IDBM,001,45,45,45,45
TG1,7,00,IDBM,001,45,45,45,45
TG1,8,00,IDBM,001,45,45,45,45
TG1,9,00,IDBM,001,45,45,45,45
TG1,10,00,IDBM,001,45,45,45,45
TG1,5,00,phonemeMMSE,001,3,3,45,1
TG1,7,00,phonemeMMSE,001,1,1,45,-3
TG1,8,00,phonemeMMSE,001,2,3,45,1
TG1,9,00,phonemeMMSE,001,3,4,45,1
TG1,10,00,phonemeMMSE,001,2,3,45,2
TG1,5,00,phonemeIDBM,001,1,1,45,-3
TG1,7,00,phonemeIDBM,001,1,1,45,-3
TG1,8,00,phonemeIDBM,001,1,1,45,-3
TG1,9,00,phonemeIDBM,001,1,1,45,-3
TG1,10,00,phonemeIDBM,001,1,1,45,-3
TG1,5,00,phonememohammadiaSupervised,001,2,3,45,0
TG1,7,00,phonememohammadiaSupervised,001,2,2,45,-1
TG1,8,00,phonememohammadiaSupervised,001,2,2,45,-1
TG1,9,00,phonememohammadiaSupervised,001,3,3,45,2
TG1,10,00,phonememohammadiaSupervised,001,2,3,45,1
TG1,5,00,phonememohammadiaOnline,001,3,3,45,2
TG1,7,00,phonememohammadiaOnline,001,3,3,45,0
TG1,8,00,phonememohammadiaOnline,001,2,3,45,0
TG1,9,00,phonememohammadiaOnline,001,3,4,45,2
TG1,10,00,phonememohammadiaOnline,001,3,4,45,2
TG1,5,00,phonememodifiedSupervised,001,2,2,45,0
TG1,7,00,phonememodifiedSupervised,001,45,45,45,45
TG1,8,00,phonememodifiedSupervised,001,3,3,45,1
TG1,9,00,phonememodifiedSupervised,001,2,3,45,1
TG1,10,00,phonememodifiedSupervised,001,2,2,45,-2
TG1,5,00,phonememodifiedOnline,001,2,3,45,0
TG1,7,00,phonememodifiedOnline,001,2,3,45,0
TG1,8,00,phonememodifiedOnline,001,3,4,45,2
TG1,9,00,phonememodifiedOnline,001,2,3,45,0
TG1,10,00,phonememodifiedOnline,001,2,3,45,2
TG1,5,00,mohammadiaSupervised,001,2,3,45,1
TG1,7,00,mohammadiaSupervised,001,3,3,45,2
TG1,8,00,mohammadiaSupervised,001,45,45,45,45
TG1,9,00,mohammadiaSupervised,001,45,45,45,45
TG1,10,00,mohammadiaSupervised,001,45,45,45,45
TG1,5,00,mohammadiaOnline,001,2,2,45,-2
TG1,7,00,mohammadiaOnline,001,3,3,45,0
TG1,8,00,mohammadiaOnline,001,45,45,45,45
TG1,9,00,mohammadiaOnline,001,45,45,45,45
TG1,10,00,mohammadiaOnline,001,45,45,45,45
TG1,5,00,MMSE,005,2,2,45,0
TG1,7,00,MMSE,005,1,1,45,-3
TG1,8,00,MMSE,005,2,3,45,2
TG1,9,00,MMSE,005,3,3,45,1
TG1,10,00,MMSE,005,2,2,45,1
TG1,5,00,IDBM,005,1,1,45,-3
TG1,7,00,IDBM,005,1,1,45,-3
TG1,8,00,IDBM,005,1,1,45,-2
TG1,9,00,IDBM,005,1,1,45,-3
TG1,10,00,IDBM,005,2,2,45,-2
TG1,5,00,phonemeMMSE,005,3,3,45,1
TG1,7,00,phonemeMMSE,005,1,1,45,-3
TG1,8,00,phonemeMMSE,005,2,4,45,2
TG1,9,00,phonemeMMSE,005,2,4,45,2
TG1,10,00,phonemeMMSE,005,3,3,45,2
TG1,5,00,phonemeIDBM,005,1,1,45,-3
TG1,7,00,phonemeIDBM,005,1,1,45,-2
TG1,8,00,phonemeIDBM,005,1,1,45,-3
TG1,9,00,phonemeIDBM,005,1,1,45,-3
TG1,10,00,phonemeIDBM,005,1,1,45,-3
TG1,5,00,phonememohammadiaSupervised,005,2,4,45,2
TG1,7,00,phonememohammadiaSupervised,005,2,2,45,-2
TG1,8,00,phonememohammadiaSupervised,005,2,3,45,2
TG1,9,00,phonememohammadiaSupervised,005,3,3,45,3
TG1,10,00,phonememohammadiaSupervised,005,3,4,45,2
TG1,5,00,phonememohammadiaOnline,005,2,3,45,0
TG1,7,00,phonememohammadiaOnline,005,3,3,45,2
TG1,8,00,phonememohammadiaOnline,005,2,3,45,1
TG1,9,00,phonememohammadiaOnline,005,3,4,45,2
TG1,10,00,phonememohammadiaOnline,005,2,4,45,2
TG1,5,00,phonememodifiedSupervised,005,3,3,45,0
TG1,7,00,phonememodifiedSupervised,005,45,45,45,45
TG1,8,00,phonememodifiedSupervised,005,2,3,45,0
TG1,9,00,phonememodifiedSupervised,005,2,3,45,1
TG1,10,00,phonememodifiedSupervised,005,2,2,45,-1
TG1,5,00,phonememodifiedOnline,005,3,2,45,0
TG1,7,00,phonememodifiedOnline,005,45,45,45,45
TG1,8,00,phonememodifiedOnline,005,2,4,45,2
TG1,9,00,phonememodifiedOnline,005,3,4,45,2
TG1,10,00,phonememodifiedOnline,005,2,3,45,1
TG1,5,00,mohammadiaSupervised,005,2,2,45,0
TG1,7,00,mohammadiaSupervised,005,1,2,45,-2
TG1,8,00,mohammadiaSupervised,005,3,4,45,3
TG1,9,00,mohammadiaSupervised,005,4,5,45,3
TG1,10,00,mohammadiaSupervised,005,4,4,45,2
TG1,5,00,mohammadiaOnline,005,3,3,45,2
TG1,7,00,mohammadiaOnline,005,2,3,45,0
TG1,8,00,mohammadiaOnline,005,2,3,45,1
TG1,9,00,mohammadiaOnline,005,4,4,45,3
TG1,10,00,mohammadiaOnline,005,3,3,45,2
TG1,5,00,MMSE,080,45,45,45,45
TG1,7,00,MMSE,080,45,45,45,45
TG1,8,00,MMSE,080,45,45,45,45
TG1,9,00,MMSE,080,45,45,45,45
TG1,10,00,MMSE,080,45,45,45,45
TG1,5,00,IDBM,080,45,45,45,45
TG1,7,00,IDBM,080,45,45,45,45
TG1,8,00,IDBM,080,45,45,45,45
TG1,9,00,IDBM,080,45,45,45,45
TG1,10,00,IDBM,080,45,45,45,45
TG1,5,00,phonemeMMSE,080,45,45,45,45
TG1,7,00,phonemeMMSE,080,45,45,45,45
TG1,8,00,phonemeMMSE,080,45,45,45,45
TG1,9,00,phonemeMMSE,080,45,45,45,45
TG1,10,00,phonemeMMSE,080,45,45,45,45
TG1,5,00,phonemeIDBM,080,45,45,45,45
TG1,7,00,phonemeIDBM,080,45,45,45,45
TG1,8,00,phonemeIDBM,080,45,45,45,45
TG1,9,00,phonemeIDBM,080,45,45,45,45
TG1,10,00,phonemeIDBM,080,45,45,45,45
TG1,5,00,phonememohammadiaSupervised,080,45,45,45,45
TG1,7,00,phonememohammadiaSupervised,080,45,45,45,45
TG1,8,00,phonememohammadiaSupervised,080,45,45,45,45
TG1,9,00,phonememohammadiaSupervised,080,45,45,45,45
TG1,10,00,phonememohammadiaSupervised,080,45,45,45,45
TG1,5,00,phonememohammadiaOnline,080,45,45,45,45
TG1,7,00,phonememohammadiaOnline,080,45,45,45,45
TG1,8,00,phonememohammadiaOnline,080,45,45,45,45
TG1,9,00,phonememohammadiaOnline,080,45,45,45,45
TG1,10,00,phonememohammadiaOnline,080,45,45,45,45
TG1,5,00,phonememodifiedSupervised,080,45,45,45,45
TG1,7,00,phonememodifiedSupervised,080,45,45,45,45
TG1,8,00,phonememodifiedSupervised,080,45,45,45,45
TG1,9,00,phonememodifiedSupervised,080,45,45,45,45
TG1,10,00,phonememodifiedSupervised,080,45,45,45,45
TG1,5,00,phonememodifiedOnline,080,45,45,45,45
TG1,7,00,phonememodifiedOnline,080,45,45,45,45
TG1,8,00,phonememodifiedOnline,080,45,45,45,45
TG1,9,00,phonememodifiedOnline,080,45,45,45,45
TG1,10,00,phonememodifiedOnline,080,45,45,45,45
TG1,5,00,mohammadiaSupervised,080,2,2,45,1
TG1,7,00,mohammadiaSupervised,080,2,2,45,-1
TG1,8,00,mohammadiaSupervised,080,45,45,45,45
TG1,9,00,mohammadiaSupervised,080,45,45,45,45
TG1,10,00,mohammadiaSupervised,080,45,45,45,45
TG1,5,00,mohammadiaOnline,080,3,3,45,1
TG1,7,00,mohammadiaOnline,080,3,3,45,1
TG1,8,00,mohammadiaOnline,080,45,45,45,45
TG1,9,00,mohammadiaOnline,080,45,45,45,45
TG1,10,00,mohammadiaOnline,080,45,45,45,45
TG1,5,00,MMSE,100,45,45,45,45
TG1,7,00,MMSE,100,45,45,45,45
TG1,8,00,MMSE,100,45,45,45,45
TG1,9,00,MMSE,100,45,45,45,45
TG1,10,00,MMSE,100,45,45,45,45
TG1,5,00,IDBM,100,45,45,45,45
TG1,7,00,IDBM,100,45,45,45,45
TG1,8,00,IDBM,100,45,45,45,45
TG1,9,00,IDBM,100,45,45,45,45
TG1,10,00,IDBM,100,45,45,45,45
TG1,5,00,phonemeMMSE,100,45,45,45,45
TG1,7,00,phonemeMMSE,100,45,45,45,45
TG1,8,00,phonemeMMSE,100,45,45,45,45
TG1,9,00,phonemeMMSE,100,45,45,45,45
TG1,10,00,phonemeMMSE,100,45,45,45,45
TG1,5,00,phonemeIDBM,100,45,45,45,45
TG1,7,00,phonemeIDBM,100,45,45,45,45
TG1,8,00,phonemeIDBM,100,45,45,45,45
TG1,9,00,phonemeIDBM,100,45,45,45,45
TG1,10,00,phonemeIDBM,100,45,45,45,45
TG1,5,00,phonememohammadiaSupervised,100,45,45,45,45
TG1,7,00,phonememohammadiaSupervised,100,2,2,45,-2
TG1,8,00,phonememohammadiaSupervised,100,2,2,45,-2
TG1,9,00,phonememohammadiaSupervised,100,3,4,45,2
TG1,10,00,phonememohammadiaSupervised,100,3,3,45,2
TG1,5,00,phonememohammadiaOnline,100,45,45,45,45
TG1,7,00,phonememohammadiaOnline,100,3,4,45,0
TG1,8,00,phonememohammadiaOnline,100,2,3,45,1
TG1,9,00,phonememohammadiaOnline,100,4,4,45,3
TG1,10,00,phonememohammadiaOnline,100,2,4,45,2
TG1,5,00,phonememodifiedSupervised,100,45,45,45,45
TG1,7,00,phonememodifiedSupervised,100,45,45,45,45
TG1,8,00,phonememodifiedSupervised,100,45,45,45,45
TG1,9,00,phonememodifiedSupervised,100,2,3,45,0
TG1,10,00,phonememodifiedSupervised,100,45,45,45,45
TG1,5,00,phonememodifiedOnline,100,45,45,45,45
TG1,7,00,phonememodifiedOnline,100,45,45,45,45
TG1,8,00,phonememodifiedOnline,100,45,45,45,45
TG1,9,00,phonememodifiedOnline,100,3,4,45,0
TG1,10,00,phonememodifiedOnline,100,45,45,45,45
TG1,5,00,mohammadiaSupervised,100,45,45,45,45
TG1,7,00,mohammadiaSupervised,100,45,45,45,45
TG1,8,00,mohammadiaSupervised,100,45,45,45,45
TG1,9,00,mohammadiaSupervised,100,45,45,45,45
TG1,10,00,mohammadiaSupervised,100,45,45,45,45
TG1,5,00,mohammadiaOnline,100,45,45,45,45
TG1,7,00,mohammadiaOnline,100,45,45,45,45
TG1,8,00,mohammadiaOnline,100,45,45,45,45
TG1,9,00,mohammadiaOnline,100,45,45,45,45
TG1,10,00,mohammadiaOnline,100,45,45,45,45
ST1,5,00,MMSE,001,45,45,45,45
ST1,7,00,MMSE,001,45,45,45,45
ST1,8,00,MMSE,001,45,45,45,45
ST1,9,00,MMSE,001,45,45,45,45
ST1,10,00,MMSE,001,45,45,45,45
ST1,5,00,IDBM,001,45,45,45,45
ST1,7,00,IDBM,001,45,45,45,45
ST1,8,00,IDBM,001,45,45,45,45
ST1,9,00,IDBM,001,45,45,45,45
ST1,10,00,IDBM,001,45,45,45,45
ST1,5,00,phonemeMMSE,001,2,2,45,-2
ST1,7,00,phonemeMMSE,001,1,1,45,-3
ST1,8,00,phonemeMMSE,001,4,4,45,2
ST1,9,00,phonemeMMSE,001,3,3,45,1
ST1,10,00,phonemeMMSE,001,2,3,45,0
ST1,5,00,phonemeIDBM,001,1,1,45,-3
ST1,7,00,phonemeIDBM,001,1,1,45,-3
ST1,8,00,phonemeIDBM,001,1,1,45,-3
ST1,9,00,phonemeIDBM,001,1,1,45,-3
ST1,10,00,phonemeIDBM,001,1,1,45,-3
ST1,5,00,phonememohammadiaSupervised,001,2,2,45,-2
ST1,7,00,phonememohammadiaSupervised,001,2,2,45,-2
ST1,8,00,phonememohammadiaSupervised,001,3,3,45,1
ST1,9,00,phonememohammadiaSupervised,001,3,3,45,1
ST1,10,00,phonememohammadiaSupervised,001,4,4,45,2
ST1,5,00,phonememohammadiaOnline,001,2,2,45,-1
ST1,7,00,phonememohammadiaOnline,001,4,3,45,2
ST1,8,00,phonememohammadiaOnline,001,2,2,45,-2
ST1,9,00,phonememohammadiaOnline,001,3,3,45,1
ST1,10,00,phonememohammadiaOnline,001,3,2,45,0
ST1,5,00,phonememodifiedSupervised,001,2,2,45,0
ST1,7,00,phonememodifiedSupervised,001,45,45,45,45
ST1,8,00,phonememodifiedSupervised,001,3,3,45,0
ST1,9,00,phonememodifiedSupervised,001,2,2,45,1
ST1,10,00,phonememodifiedSupervised,001,1,1,45,-3
ST1,5,00,phonememodifiedOnline,001,3,2,45,0
ST1,7,00,phonememodifiedOnline,001,2,2,45,-1
ST1,8,00,phonememodifiedOnline,001,3,3,45,0
ST1,9,00,phonememodifiedOnline,001,3,4,45,2
ST1,10,00,phonememodifiedOnline,001,2,2,45,0
ST1,5,00,mohammadiaSupervised,001,2,2,45,1
ST1,7,00,mohammadiaSupervised,001,2,2,45,-2
ST1,8,00,mohammadiaSupervised,001,45,45,45,45
ST1,9,00,mohammadiaSupervised,001,45,45,45,45
ST1,10,00,mohammadiaSupervised,001,45,45,45,45
ST1,5,00,mohammadiaOnline,001,2,2,45,0
ST1,7,00,mohammadiaOnline,001,2,2,45,0
ST1,8,00,mohammadiaOnline,001,45,45,45,45
ST1,9,00,mohammadiaOnline,001,45,45,45,45
ST1,10,00,mohammadiaOnline,001,45,45,45,45
ST1,5,00,MMSE,005,2,3,45,1
ST1,7,00,MMSE,005,1,1,45,-3
ST1,8,00,MMSE,005,3,2,45,1
ST1,9,00,MMSE,005,2,3,45,1
ST1,10,00,MMSE,005,3,3,45,0
ST1,5,00,IDBM,005,1,1,45,-3
ST1,7,00,IDBM,005,1,1,45,-3
ST1,8,00,IDBM,005,1,1,45,-3
ST1,9,00,IDBM,005,1,1,45,-3
ST1,10,00,IDBM,005,1,1,45,-3
ST1,5,00,phonemeMMSE,005,2,2,45,0
ST1,7,00,phonemeMMSE,005,1,1,45,-3
ST1,8,00,phonemeMMSE,005,3,3,45,2
ST1,9,00,phonemeMMSE,005,3,3,45,2
ST1,10,00,phonemeMMSE,005,2,2,45,0
ST1,5,00,phonemeIDBM,005,1,1,45,-3
ST1,7,00,phonemeIDBM,005,1,1,45,-3
ST1,8,00,phonemeIDBM,005,1,1,45,-3
ST1,9,00,phonemeIDBM,005,1,1,45,-3
ST1,10,00,phonemeIDBM,005,1,1,45,-3
ST1,5,00,phonememohammadiaSupervised,005,2,3,45,1
ST1,7,00,phonememohammadiaSupervised,005,2,2,45,0
ST1,8,00,phonememohammadiaSupervised,005,2,2,45,-2
ST1,9,00,phonememohammadiaSupervised,005,4,4,45,2
ST1,10,00,phonememohammadiaSupervised,005,3,4,45,2
ST1,5,00,phonememohammadiaOnline,005,2,2,45,0
ST1,7,00,phonememohammadiaOnline,005,3,3,45,-1
ST1,8,00,phonememohammadiaOnline,005,3,3,45,2
ST1,9,00,phonememohammadiaOnline,005,4,4,45,2
ST1,10,00,phonememohammadiaOnline,005,4,4,45,2
ST1,5,00,phonememodifiedSupervised,005,2,2,45,0
ST1,7,00,phonememodifiedSupervised,005,45,45,45,45
ST1,8,00,phonememodifiedSupervised,005,3,3,45,0
ST1,9,00,phonememodifiedSupervised,005,4,4,45,2
ST1,10,00,phonememodifiedSupervised,005,3,3,45,1
ST1,5,00,phonememodifiedOnline,005,2,2,45,-2
ST1,7,00,phonememodifiedOnline,005,45,45,45,45
ST1,8,00,phonememodifiedOnline,005,3,3,45,0
ST1,9,00,phonememodifiedOnline,005,3,2,45,0
ST1,10,00,phonememodifiedOnline,005,2,2,45,0
ST1,5,00,mohammadiaSupervised,005,2,2,45,-1
ST1,7,00,mohammadiaSupervised,005,2,2,45,-2
ST1,8,00,mohammadiaSupervised,005,2,2,45,-1
ST1,9,00,mohammadiaSupervised,005,4,4,45,2
ST1,10,00,mohammadiaSupervised,005,4,4,45,3
ST1,5,00,mohammadiaOnline,005,2,2,45,-1
ST1,7,00,mohammadiaOnline,005,3,3,45,0
ST1,8,00,mohammadiaOnline,005,3,3,45,2
ST1,9,00,mohammadiaOnline,005,4,4,45,2
ST1,10,00,mohammadiaOnline,005,2,2,45,1
ST1,5,00,MMSE,080,45,45,45,45
ST1,7,00,MMSE,080,45,45,45,45
ST1,8,00,MMSE,080,45,45,45,45
ST1,9,00,MMSE,080,45,45,45,45
ST1,10,00,MMSE,080,45,45,45,45
ST1,5,00,IDBM,080,45,45,45,45
ST1,7,00,IDBM,080,45,45,45,45
ST1,8,00,IDBM,080,45,45,45,45
ST1,9,00,IDBM,080,45,45,45,45
ST1,10,00,IDBM,080,45,45,45,45
ST1,5,00,phonemeMMSE,080,45,45,45,45
ST1,7,00,phonemeMMSE,080,45,45,45,45
ST1,8,00,phonemeMMSE,080,45,45,45,45
ST1,9,00,phonemeMMSE,080,45,45,45,45
ST1,10,00,phonemeMMSE,080,45,45,45,45
ST1,5,00,phonemeIDBM,080,45,45,45,45
ST1,7,00,phonemeIDBM,080,45,45,45,45
ST1,8,00,phonemeIDBM,080,45,45,45,45
ST1,9,00,phonemeIDBM,080,45,45,45,45
ST1,10,00,phonemeIDBM,080,45,45,45,45
ST1,5,00,phonememohammadiaSupervised,080,45,45,45,45
ST1,7,00,phonememohammadiaSupervised,080,45,45,45,45
ST1,8,00,phonememohammadiaSupervised,080,45,45,45,45
ST1,9,00,phonememohammadiaSupervised,080,45,45,45,45
ST1,10,00,phonememohammadiaSupervised,080,45,45,45,45
ST1,5,00,phonememohammadiaOnline,080,45,45,45,45
ST1,7,00,phonememohammadiaOnline,080,45,45,45,45
ST1,8,00,phonememohammadiaOnline,080,45,45,45,45
ST1,9,00,phonememohammadiaOnline,080,45,45,45,45
ST1,10,00,phonememohammadiaOnline,080,45,45,45,45
ST1,5,00,phonememodifiedSupervised,080,45,45,45,45
ST1,7,00,phonememodifiedSupervised,080,45,45,45,45
ST1,8,00,phonememodifiedSupervised,080,45,45,45,45
ST1,9,00,phonememodifiedSupervised,080,45,45,45,45
ST1,10,00,phonememodifiedSupervised,080,45,45,45,45
ST1,5,00,phonememodifiedOnline,080,45,45,45,45
ST1,7,00,phonememodifiedOnline,080,45,45,45,45
ST1,8,00,phonememodifiedOnline,080,45,45,45,45
ST1,9,00,phonememodifiedOnline,080,45,45,45,45
ST1,10,00,phonememodifiedOnline,080,45,45,45,45
ST1,5,00,mohammadiaSupervised,080,1,2,45,-3
ST1,7,00,mohammadiaSupervised,080,2,2,45,-2
ST1,8,00,mohammadiaSupervised,080,45,45,45,45
ST1,9,00,mohammadiaSupervised,080,45,45,45,45
ST1,10,00,mohammadiaSupervised,080,45,45,45,45
ST1,5,00,mohammadiaOnline,080,2,2,45,0
ST1,7,00,mohammadiaOnline,080,3,3,45,2
ST1,8,00,mohammadiaOnline,080,45,45,45,45
ST1,9,00,mohammadiaOnline,080,45,45,45,45
ST1,10,00,mohammadiaOnline,080,45,45,45,45
ST1,5,00,MMSE,100,45,45,45,45
ST1,7,00,MMSE,100,45,45,45,45
ST1,8,00,MMSE,100,45,45,45,45
ST1,9,00,MMSE,100,45,45,45,45
ST1,10,00,MMSE,100,45,45,45,45
ST1,5,00,IDBM,100,45,45,45,45
ST1,7,00,IDBM,100,45,45,45,45
ST1,8,00,IDBM,100,45,45,45,45
ST1,9,00,IDBM,100,45,45,45,45
ST1,10,00,IDBM,100,45,45,45,45
ST1,5,00,phonemeMMSE,100,45,45,45,45
ST1,7,00,phonemeMMSE,100,45,45,45,45
ST1,8,00,phonemeMMSE,100,45,45,45,45
ST1,9,00,phonemeMMSE,100,45,45,45,45
ST1,10,00,phonemeMMSE,100,45,45,45,45
ST1,5,00,phonemeIDBM,100,45,45,45,45
ST1,7,00,phonemeIDBM,100,45,45,45,45
ST1,8,00,phonemeIDBM,100,45,45,45,45
ST1,9,00,phonemeIDBM,100,45,45,45,45
ST1,10,00,phonemeIDBM,100,45,45,45,45
ST1,5,00,phonememohammadiaSupervised,100,45,45,45,45
ST1,7,00,phonememohammadiaSupervised,100,1,1,45,-3
ST1,8,00,phonememohammadiaSupervised,100,2,2,45,-1
ST1,9,00,phonememohammadiaSupervised,100,4,4,45,2
ST1,10,00,phonememohammadiaSupervised,100,3,4,45,2
ST1,5,00,phonememohammadiaOnline,100,45,45,45,45
ST1,7,00,phonememohammadiaOnline,100,3,3,45,2
ST1,8,00,phonememohammadiaOnline,100,3,3,45,1
ST1,9,00,phonememohammadiaOnline,100,4,4,45,2
ST1,10,00,phonememohammadiaOnline,100,3,3,45,0
ST1,5,00,phonememodifiedSupervised,100,45,45,45,45
ST1,7,00,phonememodifiedSupervised,100,45,45,45,45
ST1,8,00,phonememodifiedSupervised,100,45,45,45,45
ST1,9,00,phonememodifiedSupervised,100,3,3,45,0
ST1,10,00,phonememodifiedSupervised,100,45,45,45,45
ST1,5,00,phonememodifiedOnline,100,45,45,45,45
ST1,7,00,phonememodifiedOnline,100,45,45,45,45
ST1,8,00,phonememodifiedOnline,100,45,45,45,45
ST1,9,00,phonememodifiedOnline,100,2,2,45,0
ST1,10,00,phonememodifiedOnline,100,45,45,45,45
ST1,5,00,mohammadiaSupervised,100,45,45,45,45
ST1,7,00,mohammadiaSupervised,100,45,45,45,45
ST1,8,00,mohammadiaSupervised,100,45,45,45,45
ST1,9,00,mohammadiaSupervised,100,45,45,45,45
ST1,10,00,mohammadiaSupervised,100,45,45,45,45
ST1,5,00,mohammadiaOnline,100,45,45,45,45
ST1,7,00,mohammadiaOnline,100,45,45,45,45
ST1,8,00,mohammadiaOnline,100,45,45,45,45
ST1,9,00,mohammadiaOnline,100,45,45,45,45
ST1,10,00,mohammadiaOnline,100,45,45,45,45
KG1,5,00,MMSE,001,45,45,45,45
KG1,7,00,MMSE,001,45,45,45,45
KG1,8,00,MMSE,001,45,45,45,45
KG1,9,00,MMSE,001,45,45,45,45
KG1,10,00,MMSE,001,45,45,45,45
KG1,5,00,IDBM,001,45,45,45,45
KG1,7,00,IDBM,001,45,45,45,45
KG1,8,00,IDBM,001,45,45,45,45
KG1,9,00,IDBM,001,45,45,45,45
KG1,10,00,IDBM,001,45,45,45,45
KG1,5,00,phonemeMMSE,001,4,4,45,-1
KG1,7,00,phonemeMMSE,001,1,1,45,-3
KG1,8,00,phonemeMMSE,001,5,5,45,0
KG1,9,00,phonemeMMSE,001,4,5,45,-1
KG1,10,00,phonemeMMSE,001,4,4,45,2
KG1,5,00,phonemeIDBM,001,1,1,45,-2
KG1,7,00,phonemeIDBM,001,1,1,45,-3
KG1,8,00,phonemeIDBM,001,1,1,45,-3
KG1,9,00,phonemeIDBM,001,1,1,45,-3
KG1,10,00,phonemeIDBM,001,1,1,45,-3
KG1,5,00,phonememohammadiaSupervised,001,3,4,45,2
KG1,7,00,phonememohammadiaSupervised,001,2,5,45,-3
KG1,8,00,phonememohammadiaSupervised,001,3,2,45,-3
KG1,9,00,phonememohammadiaSupervised,001,5,5,45,-1
KG1,10,00,phonememohammadiaSupervised,001,5,5,45,2
KG1,5,00,phonememohammadiaOnline,001,4,4,45,0
KG1,7,00,phonememohammadiaOnline,001,5,3,45,0
KG1,8,00,phonememohammadiaOnline,001,5,5,45,-3
KG1,9,00,phonememohammadiaOnline,001,5,5,45,1
KG1,10,00,phonememohammadiaOnline,001,4,5,45,2
KG1,5,00,phonememodifiedSupervised,001,3,4,45,0
KG1,7,00,phonememodifiedSupervised,001,45,45,45,45
KG1,8,00,phonememodifiedSupervised,001,5,5,45,0
KG1,9,00,phonememodifiedSupervised,001,4,5,45,-2
KG1,10,00,phonememodifiedSupervised,001,5,5,45,1
KG1,5,00,phonememodifiedOnline,001,2,2,45,2
KG1,7,00,phonememodifiedOnline,001,4,1,45,-1
KG1,8,00,phonememodifiedOnline,001,5,5,45,1
KG1,9,00,phonememodifiedOnline,001,5,5,45,0
KG1,10,00,phonememodifiedOnline,001,5,4,45,1
KG1,5,00,mohammadiaSupervised,001,2,4,45,0
KG1,7,00,mohammadiaSupervised,001,3,4,45,-1
KG1,8,00,mohammadiaSupervised,001,45,45,45,45
KG1,9,00,mohammadiaSupervised,001,45,45,45,45
KG1,10,00,mohammadiaSupervised,001,45,45,45,45
KG1,5,00,mohammadiaOnline,001,3,4,45,-1
KG1,7,00,mohammadiaOnline,001,5,5,45,0
KG1,8,00,mohammadiaOnline,001,45,45,45,45
KG1,9,00,mohammadiaOnline,001,45,45,45,45
KG1,10,00,mohammadiaOnline,001,45,45,45,45
KG1,5,00,MMSE,005,3,4,45,1
KG1,7,00,MMSE,005,1,1,45,-3
KG1,8,00,MMSE,005,3,5,45,2
KG1,9,00,MMSE,005,5,5,45,1
KG1,10,00,MMSE,005,5,5,45,2
KG1,5,00,IDBM,005,1,1,45,-3
KG1,7,00,IDBM,005,1,1,45,-3
KG1,8,00,IDBM,005,1,1,45,-3
KG1,9,00,IDBM,005,1,1,45,3
KG1,10,00,IDBM,005,1,1,45,-3
KG1,5,00,phonemeMMSE,005,2,2,45,1
KG1,7,00,phonemeMMSE,005,1,1,45,-3
KG1,8,00,phonemeMMSE,005,5,5,45,1
KG1,9,00,phonemeMMSE,005,5,5,45,0
KG1,10,00,phonemeMMSE,005,2,4,45,0
KG1,5,00,phonemeIDBM,005,1,1,45,-3
KG1,7,00,phonemeIDBM,005,1,1,45,-3
KG1,8,00,phonemeIDBM,005,1,1,45,-3
KG1,9,00,phonemeIDBM,005,1,1,45,-3
KG1,10,00,phonemeIDBM,005,1,1,45,-3
KG1,5,00,phonememohammadiaSupervised,005,3,2,45,-3
KG1,7,00,phonememohammadiaSupervised,005,2,3,45,-2
KG1,8,00,phonememohammadiaSupervised,005,2,2,45,-3
KG1,9,00,phonememohammadiaSupervised,005,5,5,45,3
KG1,10,00,phonememohammadiaSupervised,005,3,5,45,1
KG1,5,00,phonememohammadiaOnline,005,3,4,45,1
KG1,7,00,phonememohammadiaOnline,005,3,3,45,-1
KG1,8,00,phonememohammadiaOnline,005,4,3,45,1
KG1,9,00,phonememohammadiaOnline,005,5,5,45,1
KG1,10,00,phonememohammadiaOnline,005,4,5,45,-2
KG1,5,00,phonememodifiedSupervised,005,4,4,45,0
KG1,7,00,phonememodifiedSupervised,005,45,45,45,45
KG1,8,00,phonememodifiedSupervised,005,4,5,45,0
KG1,9,00,phonememodifiedSupervised,005,5,5,45,1
KG1,10,00,phonememodifiedSupervised,005,3,3,45,1
KG1,5,00,phonememodifiedOnline,005,4,3,45,0
KG1,7,00,phonememodifiedOnline,005,45,45,45,45
KG1,8,00,phonememodifiedOnline,005,5,5,45,1
KG1,9,00,phonememodifiedOnline,005,5,5,45,0
KG1,10,00,phonememodifiedOnline,005,4,5,45,1
KG1,5,00,mohammadiaSupervised,005,1,2,45,-3
KG1,7,00,mohammadiaSupervised,005,4,4,45,-1
KG1,8,00,mohammadiaSupervised,005,3,4,45,1
KG1,9,00,mohammadiaSupervised,005,5,5,45,-2
KG1,10,00,mohammadiaSupervised,005,4,1,45,-1
KG1,5,00,mohammadiaOnline,005,4,4,45,-2
KG1,7,00,mohammadiaOnline,005,4,4,45,-2
KG1,8,00,mohammadiaOnline,005,5,5,45,0
KG1,9,00,mohammadiaOnline,005,5,5,45,2
KG1,10,00,mohammadiaOnline,005,5,3,45,1
KG1,5,00,MMSE,080,45,45,45,45
KG1,7,00,MMSE,080,45,45,45,45
KG1,8,00,MMSE,080,45,45,45,45
KG1,9,00,MMSE,080,45,45,45,45
KG1,10,00,MMSE,080,45,45,45,45
KG1,5,00,IDBM,080,45,45,45,45
KG1,7,00,IDBM,080,45,45,45,45
KG1,8,00,IDBM,080,45,45,45,45
KG1,9,00,IDBM,080,45,45,45,45
KG1,10,00,IDBM,080,45,45,45,45
KG1,5,00,phonemeMMSE,080,45,45,45,45
KG1,7,00,phonemeMMSE,080,45,45,45,45
KG1,8,00,phonemeMMSE,080,45,45,45,45
KG1,9,00,phonemeMMSE,080,45,45,45,45
KG1,10,00,phonemeMMSE,080,45,45,45,45
KG1,5,00,phonemeIDBM,080,45,45,45,45
KG1,7,00,phonemeIDBM,080,45,45,45,45
KG1,8,00,phonemeIDBM,080,45,45,45,45
KG1,9,00,phonemeIDBM,080,45,45,45,45
KG1,10,00,phonemeIDBM,080,45,45,45,45
KG1,5,00,phonememohammadiaSupervised,080,45,45,45,45
KG1,7,00,phonememohammadiaSupervised,080,45,45,45,45
KG1,8,00,phonememohammadiaSupervised,080,45,45,45,45
KG1,9,00,phonememohammadiaSupervised,080,45,45,45,45
KG1,10,00,phonememohammadiaSupervised,080,45,45,45,45
KG1,5,00,phonememohammadiaOnline,080,45,45,45,45
KG1,7,00,phonememohammadiaOnline,080,45,45,45,45
KG1,8,00,phonememohammadiaOnline,080,45,45,45,45
KG1,9,00,phonememohammadiaOnline,080,45,45,45,45
KG1,10,00,phonememohammadiaOnline,080,45,45,45,45
KG1,5,00,phonememodifiedSupervised,080,45,45,45,45
KG1,7,00,phonememodifiedSupervised,080,45,45,45,45
KG1,8,00,phonememodifiedSupervised,080,45,45,45,45
KG1,9,00,phonememodifiedSupervised,080,45,45,45,45
KG1,10,00,phonememodifiedSupervised,080,45,45,45,45
KG1,5,00,phonememodifiedOnline,080,45,45,45,45
KG1,7,00,phonememodifiedOnline,080,45,45,45,45
KG1,8,00,phonememodifiedOnline,080,45,45,45,45
KG1,9,00,phonememodifiedOnline,080,45,45,45,45
KG1,10,00,phonememodifiedOnline,080,45,45,45,45
KG1,5,00,mohammadiaSupervised,080,2,2,45,-3
KG1,7,00,mohammadiaSupervised,080,2,3,45,-2
KG1,8,00,mohammadiaSupervised,080,45,45,45,45
KG1,9,00,mohammadiaSupervised,080,45,45,45,45
KG1,10,00,mohammadiaSupervised,080,45,45,45,45
KG1,5,00,mohammadiaOnline,080,3,4,45,-2
KG1,7,00,mohammadiaOnline,080,5,3,45,0
KG1,8,00,mohammadiaOnline,080,45,45,45,45
KG1,9,00,mohammadiaOnline,080,45,45,45,45
KG1,10,00,mohammadiaOnline,080,45,45,45,45
KG1,5,00,MMSE,100,45,45,45,45
KG1,7,00,MMSE,100,45,45,45,45
KG1,8,00,MMSE,100,45,45,45,45
KG1,9,00,MMSE,100,45,45,45,45
KG1,10,00,MMSE,100,45,45,45,45
KG1,5,00,IDBM,100,45,45,45,45
KG1,7,00,IDBM,100,45,45,45,45
KG1,8,00,IDBM,100,45,45,45,45
KG1,9,00,IDBM,100,45,45,45,45
KG1,10,00,IDBM,100,45,45,45,45
KG1,5,00,phonemeMMSE,100,45,45,45,45
KG1,7,00,phonemeMMSE,100,45,45,45,45
KG1,8,00,phonemeMMSE,100,45,45,45,45
KG1,9,00,phonemeMMSE,100,45,45,45,45
KG1,10,00,phonemeMMSE,100,45,45,45,45
KG1,5,00,phonemeIDBM,100,45,45,45,45
KG1,7,00,phonemeIDBM,100,45,45,45,45
KG1,8,00,phonemeIDBM,100,45,45,45,45
KG1,9,00,phonemeIDBM,100,45,45,45,45
KG1,10,00,phonemeIDBM,100,45,45,45,45
KG1,5,00,phonememohammadiaSupervised,100,45,45,45,45
KG1,7,00,phonememohammadiaSupervised,100,4,4,45,-2
KG1,8,00,phonememohammadiaSupervised,100,1,2,45,-3
KG1,9,00,phonememohammadiaSupervised,100,5,5,45,2
KG1,10,00,phonememohammadiaSupervised,100,4,5,45,0
KG1,5,00,phonememohammadiaOnline,100,45,45,45,45
KG1,7,00,phonememohammadiaOnline,100,4,5,45,0
KG1,8,00,phonememohammadiaOnline,100,5,5,45,2
KG1,9,00,phonememohammadiaOnline,100,5,5,45,-1
KG1,10,00,phonememohammadiaOnline,100,5,5,45,1
KG1,5,00,phonememodifiedSupervised,100,45,45,45,45
KG1,7,00,phonememodifiedSupervised,100,45,45,45,45
KG1,8,00,phonememodifiedSupervised,100,45,45,45,45
KG1,9,00,phonememodifiedSupervised,100,5,5,45,0
KG1,10,00,phonememodifiedSupervised,100,45,45,45,45
KG1,5,00,phonememodifiedOnline,100,45,45,45,45
KG1,7,00,phonememodifiedOnline,100,45,45,45,45
KG1,8,00,phonememodifiedOnline,100,45,45,45,45
KG1,9,00,phonememodifiedOnline,100,5,5,45,0
KG1,10,00,phonememodifiedOnline,100,45,45,45,45
KG1,5,00,mohammadiaSupervised,100,45,45,45,45
KG1,7,00,mohammadiaSupervised,100,45,45,45,45
KG1,8,00,mohammadiaSupervised,100,45,45,45,45
KG1,9,00,mohammadiaSupervised,100,45,45,45,45
KG1,10,00,mohammadiaSupervised,100,45,45,45,45
KG1,5,00,mohammadiaOnline,100,45,45,45,45
KG1,7,00,mohammadiaOnline,100,45,45,45,45
KG1,8,00,mohammadiaOnline,100,45,45,45,45
KG1,9,00,mohammadiaOnline,100,45,45,45,45
KG1,10,00,mohammadiaOnline,100,45,45,45,45
GG1,5,00,MMSE,001,45,45,45,45
GG1,7,00,MMSE,001,45,45,45,45
GG1,8,00,MMSE,001,45,45,45,45
GG1,9,00,MMSE,001,45,45,45,45
GG1,10,00,MMSE,001,45,45,45,45
GG1,5,00,IDBM,001,45,45,45,45
GG1,7,00,IDBM,001,45,45,45,45
GG1,8,00,IDBM,001,45,45,45,45
GG1,9,00,IDBM,001,45,45,45,45
GG1,10,00,IDBM,001,45,45,45,45
GG1,5,00,phonemeMMSE,001,3,3,45,0
GG1,7,00,phonemeMMSE,001,1,1,45,-2
GG1,8,00,phonemeMMSE,001,3,4,45,-1
GG1,9,00,phonemeMMSE,001,4,4,45,0
GG1,10,00,phonemeMMSE,001,3,3,45,1
GG1,5,00,phonemeIDBM,001,1,1,45,-3
GG1,7,00,phonemeIDBM,001,1,1,45,-3
GG1,8,00,phonemeIDBM,001,1,1,45,-3
GG1,9,00,phonemeIDBM,001,1,1,45,-3
GG1,10,00,phonemeIDBM,001,1,1,45,3
GG1,5,00,phonememohammadiaSupervised,001,2,1,45,1
GG1,7,00,phonememohammadiaSupervised,001,2,3,45,-3
GG1,8,00,phonememohammadiaSupervised,001,1,2,45,-3
GG1,9,00,phonememohammadiaSupervised,001,3,3,45,2
GG1,10,00,phonememohammadiaSupervised,001,2,2,45,3
GG1,5,00,phonememohammadiaOnline,001,3,3,45,1
GG1,7,00,phonememohammadiaOnline,001,3,3,45,-1
GG1,8,00,phonememohammadiaOnline,001,4,5,45,3
GG1,9,00,phonememohammadiaOnline,001,4,5,45,-2
GG1,10,00,phonememohammadiaOnline,001,3,3,45,-2
GG1,5,00,phonememodifiedSupervised,001,3,3,45,0
GG1,7,00,phonememodifiedSupervised,001,45,45,45,45
GG1,8,00,phonememodifiedSupervised,001,3,3,45,-1
GG1,9,00,phonememodifiedSupervised,001,3,3,45,-2
GG1,10,00,phonememodifiedSupervised,001,2,2,45,1
GG1,5,00,phonememodifiedOnline,001,3,3,45,-1
GG1,7,00,phonememodifiedOnline,001,4,4,45,0
GG1,8,00,phonememodifiedOnline,001,4,5,45,3
GG1,9,00,phonememodifiedOnline,001,3,5,45,0
GG1,10,00,phonememodifiedOnline,001,2,1,45,2
GG1,5,00,mohammadiaSupervised,001,4,3,45,-1
GG1,7,00,mohammadiaSupervised,001,4,3,45,-3
GG1,8,00,mohammadiaSupervised,001,45,45,45,45
GG1,9,00,mohammadiaSupervised,001,45,45,45,45
GG1,10,00,mohammadiaSupervised,001,45,45,45,45
GG1,5,00,mohammadiaOnline,001,3,3,45,1
GG1,7,00,mohammadiaOnline,001,3,4,45,-2
GG1,8,00,mohammadiaOnline,001,45,45,45,45
GG1,9,00,mohammadiaOnline,001,45,45,45,45
GG1,10,00,mohammadiaOnline,001,45,45,45,45
GG1,5,00,MMSE,005,3,2,45,0
GG1,7,00,MMSE,005,1,1,45,-3
GG1,8,00,MMSE,005,4,4,45,2
GG1,9,00,MMSE,005,3,4,45,2
GG1,10,00,MMSE,005,3,4,45,-1
GG1,5,00,IDBM,005,1,1,45,-3
GG1,7,00,IDBM,005,1,1,45,-3
GG1,8,00,IDBM,005,1,1,45,-3
GG1,9,00,IDBM,005,1,1,45,-3
GG1,10,00,IDBM,005,1,1,45,-3
GG1,5,00,phonemeMMSE,005,3,3,45,0
GG1,7,00,phonemeMMSE,005,1,1,45,-3
GG1,8,00,phonemeMMSE,005,3,4,45,1
GG1,9,00,phonemeMMSE,005,4,3,45,-2
GG1,10,00,phonemeMMSE,005,3,3,45,1
GG1,5,00,phonemeIDBM,005,1,1,45,-3
GG1,7,00,phonemeIDBM,005,1,1,45,-3
GG1,8,00,phonemeIDBM,005,1,1,45,-3
GG1,9,00,phonemeIDBM,005,1,1,45,-3
GG1,10,00,phonemeIDBM,005,1,1,45,-3
GG1,5,00,phonememohammadiaSupervised,005,1,2,45,-2
GG1,7,00,phonememohammadiaSupervised,005,2,2,45,-2
GG1,8,00,phonememohammadiaSupervised,005,1,2,45,-2
GG1,9,00,phonememohammadiaSupervised,005,4,4,45,0
GG1,10,00,phonememohammadiaSupervised,005,2,3,45,-1
GG1,5,00,phonememohammadiaOnline,005,3,2,45,-1
GG1,7,00,phonememohammadiaOnline,005,3,4,45,0
GG1,8,00,phonememohammadiaOnline,005,5,5,45,3
GG1,9,00,phonememohammadiaOnline,005,4,4,45,-2
GG1,10,00,phonememohammadiaOnline,005,3,3,45,0
GG1,5,00,phonememodifiedSupervised,005,2,3,45,1
GG1,7,00,phonememodifiedSupervised,005,45,45,45,45
GG1,8,00,phonememodifiedSupervised,005,3,3,45,0
GG1,9,00,phonememodifiedSupervised,005,3,4,45,2
GG1,10,00,phonememodifiedSupervised,005,1,2,45,-1
GG1,5,00,phonememodifiedOnline,005,3,3,45,-2
GG1,7,00,phonememodifiedOnline,005,45,45,45,45
GG1,8,00,phonememodifiedOnline,005,3,4,45,-1
GG1,9,00,phonememodifiedOnline,005,3,4,45,0
GG1,10,00,phonememodifiedOnline,005,3,3,45,0
GG1,5,00,mohammadiaSupervised,005,1,2,45,-3
GG1,7,00,mohammadiaSupervised,005,2,2,45,-2
GG1,8,00,mohammadiaSupervised,005,2,2,45,-2
GG1,9,00,mohammadiaSupervised,005,4,4,45,3
GG1,10,00,mohammadiaSupervised,005,3,3,45,-1
GG1,5,00,mohammadiaOnline,005,3,2,45,0
GG1,7,00,mohammadiaOnline,005,2,4,45,-1
GG1,8,00,mohammadiaOnline,005,4,5,45,0
GG1,9,00,mohammadiaOnline,005,3,4,45,-1
GG1,10,00,mohammadiaOnline,005,3,3,45,0
GG1,5,00,MMSE,080,45,45,45,45
GG1,7,00,MMSE,080,45,45,45,45
GG1,8,00,MMSE,080,45,45,45,45
GG1,9,00,MMSE,080,45,45,45,45
GG1,10,00,MMSE,080,45,45,45,45
GG1,5,00,IDBM,080,45,45,45,45
GG1,7,00,IDBM,080,45,45,45,45
GG1,8,00,IDBM,080,45,45,45,45
GG1,9,00,IDBM,080,45,45,45,45
GG1,10,00,IDBM,080,45,45,45,45
GG1,5,00,phonemeMMSE,080,45,45,45,45
GG1,7,00,phonemeMMSE,080,45,45,45,45
GG1,8,00,phonemeMMSE,080,45,45,45,45
GG1,9,00,phonemeMMSE,080,45,45,45,45
GG1,10,00,phonemeMMSE,080,45,45,45,45
GG1,5,00,phonemeIDBM,080,45,45,45,45
GG1,7,00,phonemeIDBM,080,45,45,45,45
GG1,8,00,phonemeIDBM,080,45,45,45,45
GG1,9,00,phonemeIDBM,080,45,45,45,45
GG1,10,00,phonemeIDBM,080,45,45,45,45
GG1,5,00,phonememohammadiaSupervised,080,45,45,45,45
GG1,7,00,phonememohammadiaSupervised,080,45,45,45,45
GG1,8,00,phonememohammadiaSupervised,080,45,45,45,45
GG1,9,00,phonememohammadiaSupervised,080,45,45,45,45
GG1,10,00,phonememohammadiaSupervised,080,45,45,45,45
GG1,5,00,phonememohammadiaOnline,080,45,45,45,45
GG1,7,00,phonememohammadiaOnline,080,45,45,45,45
GG1,8,00,phonememohammadiaOnline,080,45,45,45,45
GG1,9,00,phonememohammadiaOnline,080,45,45,45,45
GG1,10,00,phonememohammadiaOnline,080,45,45,45,45
GG1,5,00,phonememodifiedSupervised,080,45,45,45,45
GG1,7,00,phonememodifiedSupervised,080,45,45,45,45
GG1,8,00,phonememodifiedSupervised,080,45,45,45,45
GG1,9,00,phonememodifiedSupervised,080,45,45,45,45
GG1,10,00,phonememodifiedSupervised,080,45,45,45,45
GG1,5,00,phonememodifiedOnline,080,45,45,45,45
GG1,7,00,phonememodifiedOnline,080,45,45,45,45
GG1,8,00,phonememodifiedOnline,080,45,45,45,45
GG1,9,00,phonememodifiedOnline,080,45,45,45,45
GG1,10,00,phonememodifiedOnline,080,45,45,45,45
GG1,5,00,mohammadiaSupervised,080,2,2,45,-2
GG1,7,00,mohammadiaSupervised,080,3,2,45,-1
GG1,8,00,mohammadiaSupervised,080,45,45,45,45
GG1,9,00,mohammadiaSupervised,080,45,45,45,45
GG1,10,00,mohammadiaSupervised,080,45,45,45,45
GG1,5,00,mohammadiaOnline,080,3,2,45,-1
GG1,7,00,mohammadiaOnline,080,4,4,45,-2
GG1,8,00,mohammadiaOnline,080,45,45,45,45
GG1,9,00,mohammadiaOnline,080,45,45,45,45
GG1,10,00,mohammadiaOnline,080,45,45,45,45
GG1,5,00,MMSE,100,45,45,45,45
GG1,7,00,MMSE,100,45,45,45,45
GG1,8,00,MMSE,100,45,45,45,45
GG1,9,00,MMSE,100,45,45,45,45
GG1,10,00,MMSE,100,45,45,45,45
GG1,5,00,IDBM,100,45,45,45,45
GG1,7,00,IDBM,100,45,45,45,45
GG1,8,00,IDBM,100,45,45,45,45
GG1,9,00,IDBM,100,45,45,45,45
GG1,10,00,IDBM,100,45,45,45,45
GG1,5,00,phonemeMMSE,100,45,45,45,45
GG1,7,00,phonemeMMSE,100,45,45,45,45
GG1,8,00,phonemeMMSE,100,45,45,45,45
GG1,9,00,phonemeMMSE,100,45,45,45,45
GG1,10,00,phonemeMMSE,100,45,45,45,45
GG1,5,00,phonemeIDBM,100,45,45,45,45
GG1,7,00,phonemeIDBM,100,45,45,45,45
GG1,8,00,phonemeIDBM,100,45,45,45,45
GG1,9,00,phonemeIDBM,100,45,45,45,45
GG1,10,00,phonemeIDBM,100,45,45,45,45
GG1,5,00,phonememohammadiaSupervised,100,45,45,45,45
GG1,7,00,phonememohammadiaSupervised,100,1,2,45,-3
GG1,8,00,phonememohammadiaSupervised,100,1,2,45,-3
GG1,9,00,phonememohammadiaSupervised,100,3,3,45,2
GG1,10,00,phonememohammadiaSupervised,100,3,2,45,-1
GG1,5,00,phonememohammadiaOnline,100,45,45,45,45
GG1,7,00,phonememohammadiaOnline,100,4,3,45,0
GG1,8,00,phonememohammadiaOnline,100,2,4,45,1
GG1,9,00,phonememohammadiaOnline,100,4,4,45,2
GG1,10,00,phonememohammadiaOnline,100,2,3,45,-2
GG1,5,00,phonememodifiedSupervised,100,45,45,45,45
GG1,7,00,phonememodifiedSupervised,100,45,45,45,45
GG1,8,00,phonememodifiedSupervised,100,45,45,45,45
GG1,9,00,phonememodifiedSupervised,100,4,4,45,0
GG1,10,00,phonememodifiedSupervised,100,45,45,45,45
GG1,5,00,phonememodifiedOnline,100,45,45,45,45
GG1,7,00,phonememodifiedOnline,100,45,45,45,45
GG1,8,00,phonememodifiedOnline,100,45,45,45,45
GG1,9,00,phonememodifiedOnline,100,3,4,45,0
GG1,10,00,phonememodifiedOnline,100,45,45,45,45
GG1,5,00,mohammadiaSupervised,100,45,45,45,45
GG1,7,00,mohammadiaSupervised,100,45,45,45,45
GG1,8,00,mohammadiaSupervised,100,45,45,45,45
GG1,9,00,mohammadiaSupervised,100,45,45,45,45
GG1,10,00,mohammadiaSupervised,100,45,45,45,45
GG1,5,00,mohammadiaOnline,100,45,45,45,45
GG1,7,00,mohammadiaOnline,100,45,45,45,45
GG1,8,00,mohammadiaOnline,100,45,45,45,45
GG1,9,00,mohammadiaOnline,100,45,45,45,45
GG1,10,00,mohammadiaOnline,100,45,45,45,45
ST2,5,00,MMSE,001,45,45,45,45
ST2,7,00,MMSE,001,45,45,45,45
ST2,8,00,MMSE,001,45,45,45,45
ST2,9,00,MMSE,001,45,45,45,45
ST2,10,00,MMSE,001,45,45,45,45
ST2,5,00,IDBM,001,45,45,45,45
ST2,7,00,IDBM,001,45,45,45,45
ST2,8,00,IDBM,001,45,45,45,45
ST2,9,00,IDBM,001,45,45,45,45
ST2,10,00,IDBM,001,45,45,45,45
ST2,5,00,phonemeMMSE,001,2,2,45,0
ST2,7,00,phonemeMMSE,001,1,1,45,3
ST2,8,00,phonemeMMSE,001,3,3,45,2
ST2,9,00,phonemeMMSE,001,3,2,45,1
ST2,10,00,phonemeMMSE,001,3,2,45,1
ST2,5,00,phonemeIDBM,001,1,1,45,-3
ST2,7,00,phonemeIDBM,001,1,1,45,-3
ST2,8,00,phonemeIDBM,001,1,1,45,-3
ST2,9,00,phonemeIDBM,001,1,1,45,-3
ST2,10,00,phonemeIDBM,001,1,1,45,-3
ST2,5,00,phonememohammadiaSupervised,001,2,3,45,1
ST2,7,00,phonememohammadiaSupervised,001,2,2,45,-1
ST2,8,00,phonememohammadiaSupervised,001,2,2,45,-1
ST2,9,00,phonememohammadiaSupervised,001,3,4,45,2
ST2,10,00,phonememohammadiaSupervised,001,3,4,45,2
ST2,5,00,phonememohammadiaOnline,001,2,2,45,0
ST2,7,00,phonememohammadiaOnline,001,2,2,45,0
ST2,8,00,phonememohammadiaOnline,001,3,2,45,2
ST2,9,00,phonememohammadiaOnline,001,3,3,45,-1
ST2,10,00,phonememohammadiaOnline,001,3,4,45,2
ST2,5,00,phonememodifiedSupervised,001,2,2,45,-1
ST2,7,00,phonememodifiedSupervised,001,45,45,45,45
ST2,8,00,phonememodifiedSupervised,001,2,2,45,0
ST2,9,00,phonememodifiedSupervised,001,2,2,45,0
ST2,10,00,phonememodifiedSupervised,001,2,2,45,2
ST2,5,00,phonememodifiedOnline,001,2,2,45,0
ST2,7,00,phonememodifiedOnline,001,3,3,45,1
ST2,8,00,phonememodifiedOnline,001,2,2,45,0
ST2,9,00,phonememodifiedOnline,001,2,2,45,2
ST2,10,00,phonememodifiedOnline,001,2,2,45,0
ST2,5,00,mohammadiaSupervised,001,2,2,45,-1
ST2,7,00,mohammadiaSupervised,001,3,3,45,1
ST2,8,00,mohammadiaSupervised,001,45,45,45,45
ST2,9,00,mohammadiaSupervised,001,45,45,45,45
ST2,10,00,mohammadiaSupervised,001,45,45,45,45
ST2,5,00,mohammadiaOnline,001,2,2,45,2
ST2,7,00,mohammadiaOnline,001,2,2,45,2
ST2,8,00,mohammadiaOnline,001,45,45,45,45
ST2,9,00,mohammadiaOnline,001,45,45,45,45
ST2,10,00,mohammadiaOnline,001,45,45,45,45
ST2,5,00,MMSE,005,2,2,45,2
ST2,7,00,MMSE,005,1,1,45,-2
ST2,8,00,MMSE,005,3,3,45,1
ST2,9,00,MMSE,005,3,3,45,1
ST2,10,00,MMSE,005,2,3,45,0
ST2,5,00,IDBM,005,1,1,45,-3
ST2,7,00,IDBM,005,1,1,45,-3
ST2,8,00,IDBM,005,1,1,45,-3
ST2,9,00,IDBM,005,1,1,45,-3
ST2,10,00,IDBM,005,1,1,45,-3
ST2,5,00,phonemeMMSE,005,2,2,45,1
ST2,7,00,phonemeMMSE,005,1,1,45,-2
ST2,8,00,phonemeMMSE,005,2,3,45,2
ST2,9,00,phonemeMMSE,005,3,3,45,-1
ST2,10,00,phonemeMMSE,005,2,2,45,-1
ST2,5,00,phonemeIDBM,005,1,1,45,-3
ST2,7,00,phonemeIDBM,005,1,1,45,-3
ST2,8,00,phonemeIDBM,005,1,1,45,-3
ST2,9,00,phonemeIDBM,005,1,1,45,-3
ST2,10,00,phonemeIDBM,005,1,1,45,-3
ST2,5,00,phonememohammadiaSupervised,005,2,2,45,1
ST2,7,00,phonememohammadiaSupervised,005,2,2,45,-2
ST2,8,00,phonememohammadiaSupervised,005,1,2,45,-2
ST2,9,00,phonememohammadiaSupervised,005,4,4,45,3
ST2,10,00,phonememohammadiaSupervised,005,3,2,45,1
ST2,5,00,phonememohammadiaOnline,005,2,2,45,0
ST2,7,00,phonememohammadiaOnline,005,2,2,45,-1
ST2,8,00,phonememohammadiaOnline,005,3,3,45,2
ST2,9,00,phonememohammadiaOnline,005,3,2,45,-1
ST2,10,00,phonememohammadiaOnline,005,3,3,45,1
ST2,5,00,phonememodifiedSupervised,005,2,2,45,1
ST2,7,00,phonememodifiedSupervised,005,45,45,45,45
ST2,8,00,phonememodifiedSupervised,005,2,3,45,-1
ST2,9,00,phonememodifiedSupervised,005,3,4,45,2
ST2,10,00,phonememodifiedSupervised,005,2,2,45,0
ST2,5,00,phonememodifiedOnline,005,2,2,45,0
ST2,7,00,phonememodifiedOnline,005,45,45,45,45
ST2,8,00,phonememodifiedOnline,005,2,3,45,2
ST2,9,00,phonememodifiedOnline,005,2,3,45,1
ST2,10,00,phonememodifiedOnline,005,2,2,45,0
ST2,5,00,mohammadiaSupervised,005,3,3,45,1
ST2,7,00,mohammadiaSupervised,005,2,1,45,-1
ST2,8,00,mohammadiaSupervised,005,2,2,45,-1
ST2,9,00,mohammadiaSupervised,005,4,4,45,2
ST2,10,00,mohammadiaSupervised,005,3,4,45,2
ST2,5,00,mohammadiaOnline,005,2,2,45,-2
ST2,7,00,mohammadiaOnline,005,3,2,45,0
ST2,8,00,mohammadiaOnline,005,3,4,45,2
ST2,9,00,mohammadiaOnline,005,4,4,45,0
ST2,10,00,mohammadiaOnline,005,3,3,45,2
ST2,5,00,MMSE,080,45,45,45,45
ST2,7,00,MMSE,080,45,45,45,45
ST2,8,00,MMSE,080,45,45,45,45
ST2,9,00,MMSE,080,45,45,45,45
ST2,10,00,MMSE,080,45,45,45,45
ST2,5,00,IDBM,080,45,45,45,45
ST2,7,00,IDBM,080,45,45,45,45
ST2,8,00,IDBM,080,45,45,45,45
ST2,9,00,IDBM,080,45,45,45,45
ST2,10,00,IDBM,080,45,45,45,45
ST2,5,00,phonemeMMSE,080,45,45,45,45
ST2,7,00,phonemeMMSE,080,45,45,45,45
ST2,8,00,phonemeMMSE,080,45,45,45,45
ST2,9,00,phonemeMMSE,080,45,45,45,45
ST2,10,00,phonemeMMSE,080,45,45,45,45
ST2,5,00,phonemeIDBM,080,45,45,45,45
ST2,7,00,phonemeIDBM,080,45,45,45,45
ST2,8,00,phonemeIDBM,080,45,45,45,45
ST2,9,00,phonemeIDBM,080,45,45,45,45
ST2,10,00,phonemeIDBM,080,45,45,45,45
ST2,5,00,phonememohammadiaSupervised,080,45,45,45,45
ST2,7,00,phonememohammadiaSupervised,080,45,45,45,45
ST2,8,00,phonememohammadiaSupervised,080,45,45,45,45
ST2,9,00,phonememohammadiaSupervised,080,45,45,45,45
ST2,10,00,phonememohammadiaSupervised,080,45,45,45,45
ST2,5,00,phonememohammadiaOnline,080,45,45,45,45
ST2,7,00,phonememohammadiaOnline,080,45,45,45,45
ST2,8,00,phonememohammadiaOnline,080,45,45,45,45
ST2,9,00,phonememohammadiaOnline,080,45,45,45,45
ST2,10,00,phonememohammadiaOnline,080,45,45,45,45
ST2,5,00,phonememodifiedSupervised,080,45,45,45,45
ST2,7,00,phonememodifiedSupervised,080,45,45,45,45
ST2,8,00,phonememodifiedSupervised,080,45,45,45,45
ST2,9,00,phonememodifiedSupervised,080,45,45,45,45
ST2,10,00,phonememodifiedSupervised,080,45,45,45,45
ST2,5,00,phonememodifiedOnline,080,45,45,45,45
ST2,7,00,phonememodifiedOnline,080,45,45,45,45
ST2,8,00,phonememodifiedOnline,080,45,45,45,45
ST2,9,00,phonememodifiedOnline,080,45,45,45,45
ST2,10,00,phonememodifiedOnline,080,45,45,45,45
ST2,5,00,mohammadiaSupervised,080,2,2,45,-1
ST2,7,00,mohammadiaSupervised,080,3,2,45,-1
ST2,8,00,mohammadiaSupervised,080,45,45,45,45
ST2,9,00,mohammadiaSupervised,080,45,45,45,45
ST2,10,00,mohammadiaSupervised,080,45,45,45,45
ST2,5,00,mohammadiaOnline,080,2,2,45,-2
ST2,7,00,mohammadiaOnline,080,3,2,45,0
ST2,8,00,mohammadiaOnline,080,45,45,45,45
ST2,9,00,mohammadiaOnline,080,45,45,45,45
ST2,10,00,mohammadiaOnline,080,45,45,45,45
ST2,5,00,MMSE,100,45,45,45,45
ST2,7,00,MMSE,100,45,45,45,45
ST2,8,00,MMSE,100,45,45,45,45
ST2,9,00,MMSE,100,45,45,45,45
ST2,10,00,MMSE,100,45,45,45,45
ST2,5,00,IDBM,100,45,45,45,45
ST2,7,00,IDBM,100,45,45,45,45
ST2,8,00,IDBM,100,45,45,45,45
ST2,9,00,IDBM,100,45,45,45,45
ST2,10,00,IDBM,100,45,45,45,45
ST2,5,00,phonemeMMSE,100,45,45,45,45
ST2,7,00,phonemeMMSE,100,45,45,45,45
ST2,8,00,phonemeMMSE,100,45,45,45,45
ST2,9,00,phonemeMMSE,100,45,45,45,45
ST2,10,00,phonemeMMSE,100,45,45,45,45
ST2,5,00,phonemeIDBM,100,45,45,45,45
ST2,7,00,phonemeIDBM,100,45,45,45,45
ST2,8,00,phonemeIDBM,100,45,45,45,45
ST2,9,00,phonemeIDBM,100,45,45,45,45
ST2,10,00,phonemeIDBM,100,45,45,45,45
ST2,5,00,phonememohammadiaSupervised,100,45,45,45,45
ST2,7,00,phonememohammadiaSupervised,100,2,2,45,-2
ST2,8,00,phonememohammadiaSupervised,100,2,2,45,-2
ST2,9,00,phonememohammadiaSupervised,100,4,4,45,3
ST2,10,00,phonememohammadiaSupervised,100,3,3,45,2
ST2,5,00,phonememohammadiaOnline,100,45,45,45,45
ST2,7,00,phonememohammadiaOnline,100,3,3,45,-1
ST2,8,00,phonememohammadiaOnline,100,3,3,45,2
ST2,9,00,phonememohammadiaOnline,100,3,4,45,2
ST2,10,00,phonememohammadiaOnline,100,3,3,45,1
ST2,5,00,phonememodifiedSupervised,100,45,45,45,45
ST2,7,00,phonememodifiedSupervised,100,45,45,45,45
ST2,8,00,phonememodifiedSupervised,100,45,45,45,45
ST2,9,00,phonememodifiedSupervised,100,3,3,45,0
ST2,10,00,phonememodifiedSupervised,100,45,45,45,45
ST2,5,00,phonememodifiedOnline,100,45,45,45,45
ST2,7,00,phonememodifiedOnline,100,45,45,45,45
ST2,8,00,phonememodifiedOnline,100,45,45,45,45
ST2,9,00,phonememodifiedOnline,100,3,3,45,1
ST2,10,00,phonememodifiedOnline,100,45,45,45,45
ST2,5,00,mohammadiaSupervised,100,45,45,45,45
ST2,7,00,mohammadiaSupervised,100,45,45,45,45
ST2,8,00,mohammadiaSupervised,100,45,45,45,45
ST2,9,00,mohammadiaSupervised,100,45,45,45,45
ST2,10,00,mohammadiaSupervised,100,45,45,45,45
ST2,5,00,mohammadiaOnline,100,45,45,45,45
ST2,7,00,mohammadiaOnline,100,45,45,45,45
ST2,8,00,mohammadiaOnline,100,45,45,45,45
ST2,9,00,mohammadiaOnline,100,45,45,45,45
ST2,10,00,mohammadiaOnline,100,45,45,45,45
SG1,5,00,MMSE,001,45,45,45,45
SG1,7,00,MMSE,001,45,45,45,45
SG1,8,00,MMSE,001,45,45,45,45
SG1,9,00,MMSE,001,45,45,45,45
SG1,10,00,MMSE,001,45,45,45,45
SG1,5,00,IDBM,001,45,45,45,45
SG1,7,00,IDBM,001,45,45,45,45
SG1,8,00,IDBM,001,45,45,45,45
SG1,9,00,IDBM,001,45,45,45,45
SG1,10,00,IDBM,001,45,45,45,45
SG1,5,00,phonemeMMSE,001,3,3,45,-1
SG1,7,00,phonemeMMSE,001,1,1,45,-3
SG1,8,00,phonemeMMSE,001,4,4,45,2
SG1,9,00,phonemeMMSE,001,3,3,45,-1
SG1,10,00,phonemeMMSE,001,3,3,45,-2
SG1,5,00,phonemeIDBM,001,1,1,45,-3
SG1,7,00,phonemeIDBM,001,1,1,45,-3
SG1,8,00,phonemeIDBM,001,1,1,45,-3
SG1,9,00,phonemeIDBM,001,1,1,45,-3
SG1,10,00,phonemeIDBM,001,1,1,45,-3
SG1,5,00,phonememohammadiaSupervised,001,2,2,45,1
SG1,7,00,phonememohammadiaSupervised,001,3,3,45,2
SG1,8,00,phonememohammadiaSupervised,001,2,2,45,2
SG1,9,00,phonememohammadiaSupervised,001,4,4,45,3
SG1,10,00,phonememohammadiaSupervised,001,2,3,45,1
SG1,5,00,phonememohammadiaOnline,001,2,2,45,1
SG1,7,00,phonememohammadiaOnline,001,2,3,45,-1
SG1,8,00,phonememohammadiaOnline,001,4,3,45,2
SG1,9,00,phonememohammadiaOnline,001,4,4,45,2
SG1,10,00,phonememohammadiaOnline,001,3,4,45,2
SG1,5,00,phonememodifiedSupervised,001,2,2,45,0
SG1,7,00,phonememodifiedSupervised,001,45,45,45,45
SG1,8,00,phonememodifiedSupervised,001,3,3,45,0
SG1,9,00,phonememodifiedSupervised,001,3,4,45,2
SG1,10,00,phonememodifiedSupervised,001,2,3,45,0
SG1,5,00,phonememodifiedOnline,001,2,3,45,0
SG1,7,00,phonememodifiedOnline,001,4,3,45,0
SG1,8,00,phonememodifiedOnline,001,3,5,45,1
SG1,9,00,phonememodifiedOnline,001,3,3,45,0
SG1,10,00,phonememodifiedOnline,001,3,3,45,0
SG1,5,00,mohammadiaSupervised,001,2,2,45,0
SG1,7,00,mohammadiaSupervised,001,2,3,45,-2
SG1,8,00,mohammadiaSupervised,001,45,45,45,45
SG1,9,00,mohammadiaSupervised,001,45,45,45,45
SG1,10,00,mohammadiaSupervised,001,45,45,45,45
SG1,5,00,mohammadiaOnline,001,2,3,45,1
SG1,7,00,mohammadiaOnline,001,4,3,45,0
SG1,8,00,mohammadiaOnline,001,45,45,45,45
SG1,9,00,mohammadiaOnline,001,45,45,45,45
SG1,10,00,mohammadiaOnline,001,45,45,45,45
SG1,5,00,MMSE,005,2,2,45,1
SG1,7,00,MMSE,005,1,1,45,-3
SG1,8,00,MMSE,005,3,4,45,2
SG1,9,00,MMSE,005,3,4,45,-1
SG1,10,00,MMSE,005,3,4,45,2
SG1,5,00,IDBM,005,1,2,45,-2
SG1,7,00,IDBM,005,1,1,45,-3
SG1,8,00,IDBM,005,1,1,45,-3
SG1,9,00,IDBM,005,1,1,45,-3
SG1,10,00,IDBM,005,1,1,45,-3
SG1,5,00,phonemeMMSE,005,2,3,45,2
SG1,7,00,phonemeMMSE,005,1,1,45,-3
SG1,8,00,phonemeMMSE,005,3,4,45,1
SG1,9,00,phonemeMMSE,005,4,4,45,2
SG1,10,00,phonemeMMSE,005,3,3,45,1
SG1,5,00,phonemeIDBM,005,1,1,45,-3
SG1,7,00,phonemeIDBM,005,1,1,45,-3
SG1,8,00,phonemeIDBM,005,1,1,45,-3
SG1,9,00,phonemeIDBM,005,1,1,45,-3
SG1,10,00,phonemeIDBM,005,1,1,45,-3
SG1,5,00,phonememohammadiaSupervised,005,1,2,45,1
SG1,7,00,phonememohammadiaSupervised,005,2,2,45,-2
SG1,8,00,phonememohammadiaSupervised,005,1,2,45,0
SG1,9,00,phonememohammadiaSupervised,005,4,4,45,2
SG1,10,00,phonememohammadiaSupervised,005,4,4,45,1
SG1,5,00,phonememohammadiaOnline,005,3,2,45,0
SG1,7,00,phonememohammadiaOnline,005,3,3,45,0
SG1,8,00,phonememohammadiaOnline,005,4,4,45,1
SG1,9,00,phonememohammadiaOnline,005,3,3,45,2
SG1,10,00,phonememohammadiaOnline,005,3,4,45,1
SG1,5,00,phonememodifiedSupervised,005,2,3,45,0
SG1,7,00,phonememodifiedSupervised,005,45,45,45,45
SG1,8,00,phonememodifiedSupervised,005,3,4,45,0
SG1,9,00,phonememodifiedSupervised,005,4,4,45,2
SG1,10,00,phonememodifiedSupervised,005,2,2,45,-2
SG1,5,00,phonememodifiedOnline,005,2,2,45,0
SG1,7,00,phonememodifiedOnline,005,45,45,45,45
SG1,8,00,phonememodifiedOnline,005,3,3,45,0
SG1,9,00,phonememodifiedOnline,005,3,3,45,0
SG1,10,00,phonememodifiedOnline,005,3,3,45,1
SG1,5,00,mohammadiaSupervised,005,2,2,45,1
SG1,7,00,mohammadiaSupervised,005,3,3,45,-1
SG1,8,00,mohammadiaSupervised,005,2,3,45,-1
SG1,9,00,mohammadiaSupervised,005,4,4,45,2
SG1,10,00,mohammadiaSupervised,005,2,3,45,-1
SG1,5,00,mohammadiaOnline,005,3,2,45,0
SG1,7,00,mohammadiaOnline,005,3,3,45,0
SG1,8,00,mohammadiaOnline,005,3,3,45,1
SG1,9,00,mohammadiaOnline,005,3,4,45,1
SG1,10,00,mohammadiaOnline,005,3,4,45,2
SG1,5,00,MMSE,080,45,45,45,45
SG1,7,00,MMSE,080,45,45,45,45
SG1,8,00,MMSE,080,45,45,45,45
SG1,9,00,MMSE,080,45,45,45,45
SG1,10,00,MMSE,080,45,45,45,45
SG1,5,00,IDBM,080,45,45,45,45
SG1,7,00,IDBM,080,45,45,45,45
SG1,8,00,IDBM,080,45,45,45,45
SG1,9,00,IDBM,080,45,45,45,45
SG1,10,00,IDBM,080,45,45,45,45
SG1,5,00,phonemeMMSE,080,45,45,45,45
SG1,7,00,phonemeMMSE,080,45,45,45,45
SG1,8,00,phonemeMMSE,080,45,45,45,45
SG1,9,00,phonemeMMSE,080,45,45,45,45
SG1,10,00,phonemeMMSE,080,45,45,45,45
SG1,5,00,phonemeIDBM,080,45,45,45,45
SG1,7,00,phonemeIDBM,080,45,45,45,45
SG1,8,00,phonemeIDBM,080,45,45,45,45
SG1,9,00,phonemeIDBM,080,45,45,45,45
SG1,10,00,phonemeIDBM,080,45,45,45,45
SG1,5,00,phonememohammadiaSupervised,080,45,45,45,45
SG1,7,00,phonememohammadiaSupervised,080,45,45,45,45
SG1,8,00,phonememohammadiaSupervised,080,45,45,45,45
SG1,9,00,phonememohammadiaSupervised,080,45,45,45,45
SG1,10,00,phonememohammadiaSupervised,080,45,45,45,45
SG1,5,00,phonememohammadiaOnline,080,45,45,45,45
SG1,7,00,phonememohammadiaOnline,080,45,45,45,45
SG1,8,00,phonememohammadiaOnline,080,45,45,45,45
SG1,9,00,phonememohammadiaOnline,080,45,45,45,45
SG1,10,00,phonememohammadiaOnline,080,45,45,45,45
SG1,5,00,phonememodifiedSupervised,080,45,45,45,45
SG1,7,00,phonememodifiedSupervised,080,45,45,45,45
SG1,8,00,phonememodifiedSupervised,080,45,45,45,45
SG1,9,00,phonememodifiedSupervised,080,45,45,45,45
SG1,10,00,phonememodifiedSupervised,080,45,45,45,45
SG1,5,00,phonememodifiedOnline,080,45,45,45,45
SG1,7,00,phonememodifiedOnline,080,45,45,45,45
SG1,8,00,phonememodifiedOnline,080,45,45,45,45
SG1,9,00,phonememodifiedOnline,080,45,45,45,45
SG1,10,00,phonememodifiedOnline,080,45,45,45,45
SG1,5,00,mohammadiaSupervised,080,2,2,45,-1
SG1,7,00,mohammadiaSupervised,080,3,2,45,1
SG1,8,00,mohammadiaSupervised,080,45,45,45,45
SG1,9,00,mohammadiaSupervised,080,45,45,45,45
SG1,10,00,mohammadiaSupervised,080,45,45,45,45
SG1,5,00,mohammadiaOnline,080,2,2,45,2
SG1,7,00,mohammadiaOnline,080,2,4,45,0
SG1,8,00,mohammadiaOnline,080,45,45,45,45
SG1,9,00,mohammadiaOnline,080,45,45,45,45
SG1,10,00,mohammadiaOnline,080,45,45,45,45
SG1,5,00,MMSE,100,45,45,45,45
SG1,7,00,MMSE,100,45,45,45,45
SG1,8,00,MMSE,100,45,45,45,45
SG1,9,00,MMSE,100,45,45,45,45
SG1,10,00,MMSE,100,45,45,45,45
SG1,5,00,IDBM,100,45,45,45,45
SG1,7,00,IDBM,100,45,45,45,45
SG1,8,00,IDBM,100,45,45,45,45
SG1,9,00,IDBM,100,45,45,45,45
SG1,10,00,IDBM,100,45,45,45,45
SG1,5,00,phonemeMMSE,100,45,45,45,45
SG1,7,00,phonemeMMSE,100,45,45,45,45
SG1,8,00,phonemeMMSE,100,45,45,45,45
SG1,9,00,phonemeMMSE,100,45,45,45,45
SG1,10,00,phonemeMMSE,100,45,45,45,45
SG1,5,00,phonemeIDBM,100,45,45,45,45
SG1,7,00,phonemeIDBM,100,45,45,45,45
SG1,8,00,phonemeIDBM,100,45,45,45,45
SG1,9,00,phonemeIDBM,100,45,45,45,45
SG1,10,00,phonemeIDBM,100,45,45,45,45
SG1,5,00,phonememohammadiaSupervised,100,45,45,45,45
SG1,7,00,phonememohammadiaSupervised,100,2,3,45,0
SG1,8,00,phonememohammadiaSupervised,100,4,3,45,1
SG1,9,00,phonememohammadiaSupervised,100,3,4,45,1
SG1,10,00,phonememohammadiaSupervised,100,4,4,45,2
SG1,5,00,phonememohammadiaOnline,100,45,45,45,45
SG1,7,00,phonememohammadiaOnline,100,4,4,45,0
SG1,8,00,phonememohammadiaOnline,100,3,4,45,3
SG1,9,00,phonememohammadiaOnline,100,4,5,45,1
SG1,10,00,phonememohammadiaOnline,100,3,4,45,1
SG1,5,00,phonememodifiedSupervised,100,45,45,45,45
SG1,7,00,phonememodifiedSupervised,100,45,45,45,45
SG1,8,00,phonememodifiedSupervised,100,45,45,45,45
SG1,9,00,phonememodifiedSupervised,100,3,4,45,0
SG1,10,00,phonememodifiedSupervised,100,45,45,45,45
SG1,5,00,phonememodifiedOnline,100,45,45,45,45
SG1,7,00,phonememodifiedOnline,100,45,45,45,45
SG1,8,00,phonememodifiedOnline,100,45,45,45,45
SG1,9,00,phonememodifiedOnline,100,3,4,45,-1
SG1,10,00,phonememodifiedOnline,100,45,45,45,45
SG1,5,00,mohammadiaSupervised,100,45,45,45,45
SG1,7,00,mohammadiaSupervised,100,45,45,45,45
SG1,8,00,mohammadiaSupervised,100,45,45,45,45
SG1,9,00,mohammadiaSupervised,100,45,45,45,45
SG1,10,00,mohammadiaSupervised,100,45,45,45,45
SG1,5,00,mohammadiaOnline,100,45,45,45,45
SG1,7,00,mohammadiaOnline,100,45,45,45,45
SG1,8,00,mohammadiaOnline,100,45,45,45,45
SG1,9,00,mohammadiaOnline,100,45,45,45,45
SG1,10,00,mohammadiaOnline,100,45,45,45,45
